Build and test	Set up job	﻿2026-10-06T19:21:01.5290794Z Current runner version: '2.337.0'
Build and test	Set up job	2026-10-06T19:21:01.5317684Z ##[group]Runner Image Provisioner
Build and test	Set up job	2026-10-06T19:21:01.5318575Z Hosted Compute Agent
Build and test	Set up job	2026-10-06T19:21:01.5319149Z Version: 20260901.588
Build and test	Set up job	2026-10-06T19:21:01.5320096Z Commit: f88ec8081b781fac6c440065ac7ff9e710ce3d0b
Build and test	Set up job	2026-10-06T19:21:01.5320868Z Build Date: 2026-09-01T19:56:44Z
Build and test	Set up job	2026-10-06T19:21:01.5321687Z Worker ID: {8aa5b3d7-183e-4852-ad04-d7016c3b5b53}
Build and test	Set up job	2026-10-06T19:21:01.5322411Z Azure Region: centralus
Build and test	Set up job	2026-10-06T19:21:01.5322969Z ##[endgroup]
Build and test	Set up job	2026-10-06T19:21:01.5324542Z ##[group]Operating System
Build and test	Set up job	2026-10-06T19:21:01.5325232Z Ubuntu
Build and test	Set up job	2026-10-06T19:21:01.5325865Z 24.04.5
Build and test	Set up job	2026-10-06T19:21:01.5326641Z LTS
Build and test	Set up job	2026-10-06T19:21:01.5327587Z ##[endgroup]
Build and test	Set up job	2026-10-06T19:21:01.5328229Z ##[group]Runner Image
Build and test	Set up job	2026-10-06T19:21:01.5328896Z Image: ubuntu-24.04
Build and test	Set up job	2026-10-06T19:21:01.5330277Z Version: 20260927.320.1
Build and test	Set up job	2026-10-06T19:21:01.5332194Z Included Software: https://github.com/actions/runner-images/blob/ubuntu24/20260927.320/images/ubuntu/Ubuntu2404-Readme.md
Build and test	Set up job	2026-10-06T19:21:01.5334011Z Image Release: https://github.com/actions/runner-images/releases/tag/ubuntu24%2F20260927.320
Build and test	Set up job	2026-10-06T19:21:01.5335051Z ##[endgroup]
Build and test	Set up job	2026-10-06T19:21:01.5336586Z ##[group]GITHUB_TOKEN Permissions
Build and test	Set up job	2026-10-06T19:21:01.5338795Z Contents: read
Build and test	Set up job	2026-10-06T19:21:01.5339525Z Metadata: read
Build and test	Set up job	2026-10-06T19:21:01.5340452Z ##[endgroup]
Build and test	Set up job	2026-10-06T19:21:01.5342570Z Secret source: Actions
Build and test	Set up job	2026-10-06T19:21:01.5343682Z Cache mode: write
Build and test	Set up job	2026-10-06T19:21:01.5344797Z Prepare workflow directory
Build and test	Set up job	2026-10-06T19:21:01.5774828Z Prepare all required actions
Build and test	Set up job	2026-10-06T19:21:01.5824450Z Getting action download info
Build and test	Set up job	2026-10-06T19:21:01.9004525Z Download action repository 'actions/checkout@3d3c42e5aac5ba805825da76410c181273ba90b1' (SHA:3d3c42e5aac5ba805825da76410c181273ba90b1)
Build and test	Set up job	2026-10-06T19:21:01.9959008Z Download action repository 'actions/setup-go@b7ad1dad31e06c5925ef5d2fc7ad053ef454303e' (SHA:b7ad1dad31e06c5925ef5d2fc7ad053ef454303e)
Build and test	Set up job	2026-10-06T19:21:02.5435240Z Download action repository 'actions/upload-artifact@043fb46d1a93c77aae656e7c1c64a875d1fc6a0a' (SHA:043fb46d1a93c77aae656e7c1c64a875d1fc6a0a)
Build and test	Set up job	2026-10-06T19:21:02.7618960Z Complete job name: Build and test
Build and test	Run actions/checkout@3d3c42e5aac5ba805825da76410c181273ba90b1	﻿2026-10-06T19:21:02.8542011Z ##[group]Run actions/checkout@3d3c42e5aac5ba805825da76410c181273ba90b1
Build and test	Run actions/checkout@3d3c42e5aac5ba805825da76410c181273ba90b1	2026-10-06T19:21:02.8543229Z with:
Build and test	Run actions/checkout@3d3c42e5aac5ba805825da76410c181273ba90b1	2026-10-06T19:21:02.8543724Z   fetch-depth: 0
Build and test	Run actions/checkout@3d3c42e5aac5ba805825da76410c181273ba90b1	2026-10-06T19:21:02.8544262Z   persist-credentials: false
Build and test	Run actions/checkout@3d3c42e5aac5ba805825da76410c181273ba90b1	2026-10-06T19:21:02.8544912Z   repository: vimalyad/devops-devsecops-demo
Build and test	Run actions/checkout@3d3c42e5aac5ba805825da76410c181273ba90b1	2026-10-06T19:21:02.8549356Z   token: ***
Build and test	Run actions/checkout@3d3c42e5aac5ba805825da76410c181273ba90b1	2026-10-06T19:21:02.8550046Z   ssh-strict: true
Build and test	Run actions/checkout@3d3c42e5aac5ba805825da76410c181273ba90b1	2026-10-06T19:21:02.8550538Z   ssh-user: git
Build and test	Run actions/checkout@3d3c42e5aac5ba805825da76410c181273ba90b1	2026-10-06T19:21:02.8551004Z   clean: true
Build and test	Run actions/checkout@3d3c42e5aac5ba805825da76410c181273ba90b1	2026-10-06T19:21:02.8551496Z   sparse-checkout-cone-mode: true
Build and test	Run actions/checkout@3d3c42e5aac5ba805825da76410c181273ba90b1	2026-10-06T19:21:02.8552072Z   fetch-tags: false
Build and test	Run actions/checkout@3d3c42e5aac5ba805825da76410c181273ba90b1	2026-10-06T19:21:02.8552557Z   show-progress: true
Build and test	Run actions/checkout@3d3c42e5aac5ba805825da76410c181273ba90b1	2026-10-06T19:21:02.8553050Z   lfs: false
Build and test	Run actions/checkout@3d3c42e5aac5ba805825da76410c181273ba90b1	2026-10-06T19:21:02.8553519Z   submodules: false
Build and test	Run actions/checkout@3d3c42e5aac5ba805825da76410c181273ba90b1	2026-10-06T19:21:02.8554014Z   set-safe-directory: true
Build and test	Run actions/checkout@3d3c42e5aac5ba805825da76410c181273ba90b1	2026-10-06T19:21:02.8554559Z   allow-unsafe-pr-checkout: false
Build and test	Run actions/checkout@3d3c42e5aac5ba805825da76410c181273ba90b1	2026-10-06T19:21:02.8555450Z ##[endgroup]
Build and test	Run actions/checkout@3d3c42e5aac5ba805825da76410c181273ba90b1	2026-10-06T19:21:02.9608416Z Syncing repository: vimalyad/devops-devsecops-demo
Build and test	Run actions/checkout@3d3c42e5aac5ba805825da76410c181273ba90b1	2026-10-06T19:21:02.9612463Z ##[group]Getting Git version info
Build and test	Run actions/checkout@3d3c42e5aac5ba805825da76410c181273ba90b1	2026-10-06T19:21:02.9614279Z Working directory is '/home/runner/work/devops-devsecops-demo/devops-devsecops-demo'
Build and test	Run actions/checkout@3d3c42e5aac5ba805825da76410c181273ba90b1	2026-10-06T19:21:02.9616602Z [command]/usr/bin/git version
Build and test	Run actions/checkout@3d3c42e5aac5ba805825da76410c181273ba90b1	2026-10-06T19:21:02.9685531Z git version 2.55.0
Build and test	Run actions/checkout@3d3c42e5aac5ba805825da76410c181273ba90b1	2026-10-06T19:21:02.9709970Z ##[endgroup]
Build and test	Run actions/checkout@3d3c42e5aac5ba805825da76410c181273ba90b1	2026-10-06T19:21:02.9722960Z Temporarily overriding HOME='/home/runner/work/_temp/861565a1-23ee-4efa-978b-0045e3b40c44' before making global git config changes
Build and test	Run actions/checkout@3d3c42e5aac5ba805825da76410c181273ba90b1	2026-10-06T19:21:02.9726269Z Adding repository directory to the temporary git global config as a safe directory
Build and test	Run actions/checkout@3d3c42e5aac5ba805825da76410c181273ba90b1	2026-10-06T19:21:02.9733365Z [command]/usr/bin/git config --global --add safe.directory /home/runner/work/devops-devsecops-demo/devops-devsecops-demo
Build and test	Run actions/checkout@3d3c42e5aac5ba805825da76410c181273ba90b1	2026-10-06T19:21:02.9790814Z Deleting the contents of '/home/runner/work/devops-devsecops-demo/devops-devsecops-demo'
Build and test	Run actions/checkout@3d3c42e5aac5ba805825da76410c181273ba90b1	2026-10-06T19:21:02.9794230Z ##[group]Determining repository object format
Build and test	Run actions/checkout@3d3c42e5aac5ba805825da76410c181273ba90b1	2026-10-06T19:21:02.9796401Z ##[endgroup]
Build and test	Run actions/checkout@3d3c42e5aac5ba805825da76410c181273ba90b1	2026-10-06T19:21:02.9797839Z ##[group]Initializing the repository
Build and test	Run actions/checkout@3d3c42e5aac5ba805825da76410c181273ba90b1	2026-10-06T19:21:02.9801539Z [command]/usr/bin/git init /home/runner/work/devops-devsecops-demo/devops-devsecops-demo
Build and test	Run actions/checkout@3d3c42e5aac5ba805825da76410c181273ba90b1	2026-10-06T19:21:02.9916713Z hint: Using 'master' as the name for the initial branch. This default branch name
Build and test	Run actions/checkout@3d3c42e5aac5ba805825da76410c181273ba90b1	2026-10-06T19:21:02.9919010Z hint: will change to "main" in Git 3.0. To configure the initial branch name
Build and test	Run actions/checkout@3d3c42e5aac5ba805825da76410c181273ba90b1	2026-10-06T19:21:02.9921852Z hint: to use in all of your new repositories, which will suppress this warning,
Build and test	Run actions/checkout@3d3c42e5aac5ba805825da76410c181273ba90b1	2026-10-06T19:21:02.9923466Z hint: call:
Build and test	Run actions/checkout@3d3c42e5aac5ba805825da76410c181273ba90b1	2026-10-06T19:21:02.9924693Z hint:
Build and test	Run actions/checkout@3d3c42e5aac5ba805825da76410c181273ba90b1	2026-10-06T19:21:02.9926726Z hint: 	git config --global init.defaultBranch <name>
Build and test	Run actions/checkout@3d3c42e5aac5ba805825da76410c181273ba90b1	2026-10-06T19:21:02.9928095Z hint:
Build and test	Run actions/checkout@3d3c42e5aac5ba805825da76410c181273ba90b1	2026-10-06T19:21:02.9929874Z hint: Names commonly chosen instead of 'master' are 'main', 'trunk' and
Build and test	Run actions/checkout@3d3c42e5aac5ba805825da76410c181273ba90b1	2026-10-06T19:21:02.9931987Z hint: 'development'. The just-created branch can be renamed via this command:
Build and test	Run actions/checkout@3d3c42e5aac5ba805825da76410c181273ba90b1	2026-10-06T19:21:02.9933608Z hint:
Build and test	Run actions/checkout@3d3c42e5aac5ba805825da76410c181273ba90b1	2026-10-06T19:21:02.9934926Z hint: 	git branch -m <name>
Build and test	Run actions/checkout@3d3c42e5aac5ba805825da76410c181273ba90b1	2026-10-06T19:21:02.9936058Z hint:
Build and test	Run actions/checkout@3d3c42e5aac5ba805825da76410c181273ba90b1	2026-10-06T19:21:02.9937447Z hint: Disable this message with "git config set advice.defaultBranchName false"
Build and test	Run actions/checkout@3d3c42e5aac5ba805825da76410c181273ba90b1	2026-10-06T19:21:02.9940722Z Initialized empty Git repository in /home/runner/work/devops-devsecops-demo/devops-devsecops-demo/.git/
Build and test	Run actions/checkout@3d3c42e5aac5ba805825da76410c181273ba90b1	2026-10-06T19:21:02.9945464Z [command]/usr/bin/git remote add origin https://github.com/vimalyad/devops-devsecops-demo
Build and test	Run actions/checkout@3d3c42e5aac5ba805825da76410c181273ba90b1	2026-10-06T19:21:02.9990767Z ##[endgroup]
Build and test	Run actions/checkout@3d3c42e5aac5ba805825da76410c181273ba90b1	2026-10-06T19:21:02.9996030Z ##[group]Disabling automatic garbage collection
Build and test	Run actions/checkout@3d3c42e5aac5ba805825da76410c181273ba90b1	2026-10-06T19:21:02.9997446Z [command]/usr/bin/git config --local gc.auto 0
Build and test	Run actions/checkout@3d3c42e5aac5ba805825da76410c181273ba90b1	2026-10-06T19:21:03.0033076Z ##[endgroup]
Build and test	Run actions/checkout@3d3c42e5aac5ba805825da76410c181273ba90b1	2026-10-06T19:21:03.0034704Z ##[group]Setting up auth
Build and test	Run actions/checkout@3d3c42e5aac5ba805825da76410c181273ba90b1	2026-10-06T19:21:03.0035864Z Removing SSH command configuration
Build and test	Run actions/checkout@3d3c42e5aac5ba805825da76410c181273ba90b1	2026-10-06T19:21:03.0041714Z [command]/usr/bin/git config --local --name-only --get-regexp core\.sshCommand
Build and test	Run actions/checkout@3d3c42e5aac5ba805825da76410c181273ba90b1	2026-10-06T19:21:03.0099189Z [command]/usr/bin/git submodule foreach --recursive sh -c "git config --local --name-only --get-regexp 'core\.sshCommand' && git config --local --unset-all 'core.sshCommand' || :"
Build and test	Run actions/checkout@3d3c42e5aac5ba805825da76410c181273ba90b1	2026-10-06T19:21:03.0515455Z Removing HTTP extra header
Build and test	Run actions/checkout@3d3c42e5aac5ba805825da76410c181273ba90b1	2026-10-06T19:21:03.0520151Z [command]/usr/bin/git config --local --name-only --get-regexp http\.https\:\/\/github\.com\/\.extraheader
Build and test	Run actions/checkout@3d3c42e5aac5ba805825da76410c181273ba90b1	2026-10-06T19:21:03.0561055Z [command]/usr/bin/git submodule foreach --recursive sh -c "git config --local --name-only --get-regexp 'http\.https\:\/\/github\.com\/\.extraheader' && git config --local --unset-all 'http.https://github.com/.extraheader' || :"
Build and test	Run actions/checkout@3d3c42e5aac5ba805825da76410c181273ba90b1	2026-10-06T19:21:03.0809873Z Removing includeIf entries pointing to credentials config files
Build and test	Run actions/checkout@3d3c42e5aac5ba805825da76410c181273ba90b1	2026-10-06T19:21:03.0811180Z [command]/usr/bin/git config --local --name-only --get-regexp ^includeIf\.gitdir:
Build and test	Run actions/checkout@3d3c42e5aac5ba805825da76410c181273ba90b1	2026-10-06T19:21:03.0847651Z [command]/usr/bin/git submodule foreach --recursive git config --local --show-origin --name-only --get-regexp remote.origin.url
Build and test	Run actions/checkout@3d3c42e5aac5ba805825da76410c181273ba90b1	2026-10-06T19:21:03.1096486Z [command]/usr/bin/git config --file /home/runner/work/_temp/git-credentials-f0163d30-f364-4e5a-903e-af6f7d75bc12.config http.https://github.com/.extraheader AUTHORIZATION: basic ***
Build and test	Run actions/checkout@3d3c42e5aac5ba805825da76410c181273ba90b1	2026-10-06T19:21:03.1141572Z [command]/usr/bin/git config --local includeIf.gitdir:/home/runner/work/devops-devsecops-demo/devops-devsecops-demo/.git.path /home/runner/work/_temp/git-credentials-f0163d30-f364-4e5a-903e-af6f7d75bc12.config
Build and test	Run actions/checkout@3d3c42e5aac5ba805825da76410c181273ba90b1	2026-10-06T19:21:03.1178084Z [command]/usr/bin/git config --local includeIf.gitdir:/home/runner/work/devops-devsecops-demo/devops-devsecops-demo/.git/worktrees/*.path /home/runner/work/_temp/git-credentials-f0163d30-f364-4e5a-903e-af6f7d75bc12.config
Build and test	Run actions/checkout@3d3c42e5aac5ba805825da76410c181273ba90b1	2026-10-06T19:21:03.1220707Z [command]/usr/bin/git config --local includeIf.gitdir:/github/workspace/.git.path /github/runner_temp/git-credentials-f0163d30-f364-4e5a-903e-af6f7d75bc12.config
Build and test	Run actions/checkout@3d3c42e5aac5ba805825da76410c181273ba90b1	2026-10-06T19:21:03.1263379Z [command]/usr/bin/git config --local includeIf.gitdir:/github/workspace/.git/worktrees/*.path /github/runner_temp/git-credentials-f0163d30-f364-4e5a-903e-af6f7d75bc12.config
Build and test	Run actions/checkout@3d3c42e5aac5ba805825da76410c181273ba90b1	2026-10-06T19:21:03.1296549Z ##[endgroup]
Build and test	Run actions/checkout@3d3c42e5aac5ba805825da76410c181273ba90b1	2026-10-06T19:21:03.1297762Z ##[group]Fetching the repository
Build and test	Run actions/checkout@3d3c42e5aac5ba805825da76410c181273ba90b1	2026-10-06T19:21:03.1304242Z [command]/usr/bin/git -c protocol.version=2 fetch --no-tags --prune --no-recurse-submodules origin +refs/heads/*:refs/remotes/origin/* +refs/tags/*:refs/tags/*
Build and test	Run actions/checkout@3d3c42e5aac5ba805825da76410c181273ba90b1	2026-10-06T19:21:03.5965929Z From https://github.com/vimalyad/devops-devsecops-demo
Build and test	Run actions/checkout@3d3c42e5aac5ba805825da76410c181273ba90b1	2026-10-06T19:21:03.5967915Z  * [new branch]      assignment/complete-pipeline -> origin/assignment/complete-pipeline
Build and test	Run actions/checkout@3d3c42e5aac5ba805825da76410c181273ba90b1	2026-10-06T19:21:03.5970710Z  * [new branch]      main       -> origin/main
Build and test	Run actions/checkout@3d3c42e5aac5ba805825da76410c181273ba90b1	2026-10-06T19:21:03.5978195Z [command]/usr/bin/git branch --list --remote origin/assignment/complete-pipeline
Build and test	Run actions/checkout@3d3c42e5aac5ba805825da76410c181273ba90b1	2026-10-06T19:21:03.6009542Z   origin/assignment/complete-pipeline
Build and test	Run actions/checkout@3d3c42e5aac5ba805825da76410c181273ba90b1	2026-10-06T19:21:03.6018773Z [command]/usr/bin/git rev-parse refs/remotes/origin/assignment/complete-pipeline
Build and test	Run actions/checkout@3d3c42e5aac5ba805825da76410c181273ba90b1	2026-10-06T19:21:03.6048008Z 7f521b7dfc61f65934565c868cff408fb6f0a489
Build and test	Run actions/checkout@3d3c42e5aac5ba805825da76410c181273ba90b1	2026-10-06T19:21:03.6054567Z ##[endgroup]
Build and test	Run actions/checkout@3d3c42e5aac5ba805825da76410c181273ba90b1	2026-10-06T19:21:03.6056729Z ##[group]Determining the checkout info
Build and test	Run actions/checkout@3d3c42e5aac5ba805825da76410c181273ba90b1	2026-10-06T19:21:03.6059055Z ##[endgroup]
Build and test	Run actions/checkout@3d3c42e5aac5ba805825da76410c181273ba90b1	2026-10-06T19:21:03.6060779Z [command]/usr/bin/git sparse-checkout disable
Build and test	Run actions/checkout@3d3c42e5aac5ba805825da76410c181273ba90b1	2026-10-06T19:21:03.6118167Z [command]/usr/bin/git config --local --unset-all extensions.worktreeConfig
Build and test	Run actions/checkout@3d3c42e5aac5ba805825da76410c181273ba90b1	2026-10-06T19:21:03.6157169Z ##[group]Checking out the ref
Build and test	Run actions/checkout@3d3c42e5aac5ba805825da76410c181273ba90b1	2026-10-06T19:21:03.6161659Z [command]/usr/bin/git checkout --progress --force -B assignment/complete-pipeline refs/remotes/origin/assignment/complete-pipeline
Build and test	Run actions/checkout@3d3c42e5aac5ba805825da76410c181273ba90b1	2026-10-06T19:21:03.6234745Z Switched to a new branch 'assignment/complete-pipeline'
Build and test	Run actions/checkout@3d3c42e5aac5ba805825da76410c181273ba90b1	2026-10-06T19:21:03.6241628Z branch 'assignment/complete-pipeline' set up to track 'origin/assignment/complete-pipeline'.
Build and test	Run actions/checkout@3d3c42e5aac5ba805825da76410c181273ba90b1	2026-10-06T19:21:03.6250207Z ##[endgroup]
Build and test	Run actions/checkout@3d3c42e5aac5ba805825da76410c181273ba90b1	2026-10-06T19:21:03.6301006Z [command]/usr/bin/git log -1 --format=%H
Build and test	Run actions/checkout@3d3c42e5aac5ba805825da76410c181273ba90b1	2026-10-06T19:21:03.6332466Z 7f521b7dfc61f65934565c868cff408fb6f0a489
Build and test	Run actions/checkout@3d3c42e5aac5ba805825da76410c181273ba90b1	2026-10-06T19:21:03.6343446Z ##[group]Removing auth
Build and test	Run actions/checkout@3d3c42e5aac5ba805825da76410c181273ba90b1	2026-10-06T19:21:03.6345514Z Removing SSH command configuration
Build and test	Run actions/checkout@3d3c42e5aac5ba805825da76410c181273ba90b1	2026-10-06T19:21:03.6348698Z [command]/usr/bin/git config --local --name-only --get-regexp core\.sshCommand
Build and test	Run actions/checkout@3d3c42e5aac5ba805825da76410c181273ba90b1	2026-10-06T19:21:03.6391538Z [command]/usr/bin/git submodule foreach --recursive sh -c "git config --local --name-only --get-regexp 'core\.sshCommand' && git config --local --unset-all 'core.sshCommand' || :"
Build and test	Run actions/checkout@3d3c42e5aac5ba805825da76410c181273ba90b1	2026-10-06T19:21:03.6627679Z Removing HTTP extra header
Build and test	Run actions/checkout@3d3c42e5aac5ba805825da76410c181273ba90b1	2026-10-06T19:21:03.6632642Z [command]/usr/bin/git config --local --name-only --get-regexp http\.https\:\/\/github\.com\/\.extraheader
Build and test	Run actions/checkout@3d3c42e5aac5ba805825da76410c181273ba90b1	2026-10-06T19:21:03.6670941Z [command]/usr/bin/git submodule foreach --recursive sh -c "git config --local --name-only --get-regexp 'http\.https\:\/\/github\.com\/\.extraheader' && git config --local --unset-all 'http.https://github.com/.extraheader' || :"
Build and test	Run actions/checkout@3d3c42e5aac5ba805825da76410c181273ba90b1	2026-10-06T19:21:03.6910281Z Removing includeIf entries pointing to credentials config files
Build and test	Run actions/checkout@3d3c42e5aac5ba805825da76410c181273ba90b1	2026-10-06T19:21:03.6913365Z [command]/usr/bin/git config --local --name-only --get-regexp ^includeIf\.gitdir:
Build and test	Run actions/checkout@3d3c42e5aac5ba805825da76410c181273ba90b1	2026-10-06T19:21:03.6948000Z includeif.gitdir:/home/runner/work/devops-devsecops-demo/devops-devsecops-demo/.git.path
Build and test	Run actions/checkout@3d3c42e5aac5ba805825da76410c181273ba90b1	2026-10-06T19:21:03.6952369Z includeif.gitdir:/home/runner/work/devops-devsecops-demo/devops-devsecops-demo/.git/worktrees/*.path
Build and test	Run actions/checkout@3d3c42e5aac5ba805825da76410c181273ba90b1	2026-10-06T19:21:03.6955308Z includeif.gitdir:/github/workspace/.git.path
Build and test	Run actions/checkout@3d3c42e5aac5ba805825da76410c181273ba90b1	2026-10-06T19:21:03.6957554Z includeif.gitdir:/github/workspace/.git/worktrees/*.path
Build and test	Run actions/checkout@3d3c42e5aac5ba805825da76410c181273ba90b1	2026-10-06T19:21:03.6962364Z [command]/usr/bin/git config --local --get-all includeif.gitdir:/home/runner/work/devops-devsecops-demo/devops-devsecops-demo/.git.path
Build and test	Run actions/checkout@3d3c42e5aac5ba805825da76410c181273ba90b1	2026-10-06T19:21:03.6985842Z /home/runner/work/_temp/git-credentials-f0163d30-f364-4e5a-903e-af6f7d75bc12.config
Build and test	Run actions/checkout@3d3c42e5aac5ba805825da76410c181273ba90b1	2026-10-06T19:21:03.6999083Z [command]/usr/bin/git config --local --unset includeif.gitdir:/home/runner/work/devops-devsecops-demo/devops-devsecops-demo/.git.path \/home\/runner\/work\/_temp\/git\-credentials\-f0163d30\-f364\-4e5a\-903e\-af6f7d75bc12\.config
Build and test	Run actions/checkout@3d3c42e5aac5ba805825da76410c181273ba90b1	2026-10-06T19:21:03.7045431Z [command]/usr/bin/git config --local --get-all includeif.gitdir:/home/runner/work/devops-devsecops-demo/devops-devsecops-demo/.git/worktrees/*.path
Build and test	Run actions/checkout@3d3c42e5aac5ba805825da76410c181273ba90b1	2026-10-06T19:21:03.7078553Z /home/runner/work/_temp/git-credentials-f0163d30-f364-4e5a-903e-af6f7d75bc12.config
Build and test	Run actions/checkout@3d3c42e5aac5ba805825da76410c181273ba90b1	2026-10-06T19:21:03.7090593Z [command]/usr/bin/git config --local --unset includeif.gitdir:/home/runner/work/devops-devsecops-demo/devops-devsecops-demo/.git/worktrees/*.path \/home\/runner\/work\/_temp\/git\-credentials\-f0163d30\-f364\-4e5a\-903e\-af6f7d75bc12\.config
Build and test	Run actions/checkout@3d3c42e5aac5ba805825da76410c181273ba90b1	2026-10-06T19:21:03.7128124Z [command]/usr/bin/git config --local --get-all includeif.gitdir:/github/workspace/.git.path
Build and test	Run actions/checkout@3d3c42e5aac5ba805825da76410c181273ba90b1	2026-10-06T19:21:03.7185004Z /github/runner_temp/git-credentials-f0163d30-f364-4e5a-903e-af6f7d75bc12.config
Build and test	Run actions/checkout@3d3c42e5aac5ba805825da76410c181273ba90b1	2026-10-06T19:21:03.7234513Z [command]/usr/bin/git config --local --unset includeif.gitdir:/github/workspace/.git.path \/github\/runner_temp\/git\-credentials\-f0163d30\-f364\-4e5a\-903e\-af6f7d75bc12\.config
Build and test	Run actions/checkout@3d3c42e5aac5ba805825da76410c181273ba90b1	2026-10-06T19:21:03.7263647Z [command]/usr/bin/git config --local --get-all includeif.gitdir:/github/workspace/.git/worktrees/*.path
Build and test	Run actions/checkout@3d3c42e5aac5ba805825da76410c181273ba90b1	2026-10-06T19:21:03.7284198Z /github/runner_temp/git-credentials-f0163d30-f364-4e5a-903e-af6f7d75bc12.config
Build and test	Run actions/checkout@3d3c42e5aac5ba805825da76410c181273ba90b1	2026-10-06T19:21:03.7295511Z [command]/usr/bin/git config --local --unset includeif.gitdir:/github/workspace/.git/worktrees/*.path \/github\/runner_temp\/git\-credentials\-f0163d30\-f364\-4e5a\-903e\-af6f7d75bc12\.config
Build and test	Run actions/checkout@3d3c42e5aac5ba805825da76410c181273ba90b1	2026-10-06T19:21:03.7340774Z [command]/usr/bin/git submodule foreach --recursive git config --local --show-origin --name-only --get-regexp remote.origin.url
Build and test	Run actions/checkout@3d3c42e5aac5ba805825da76410c181273ba90b1	2026-10-06T19:21:03.7578559Z Removing credentials config '/home/runner/work/_temp/git-credentials-f0163d30-f364-4e5a-903e-af6f7d75bc12.config'
Build and test	Run actions/checkout@3d3c42e5aac5ba805825da76410c181273ba90b1	2026-10-06T19:21:03.7586411Z ##[endgroup]
Build and test	Run actions/setup-go@b7ad1dad31e06c5925ef5d2fc7ad053ef454303e	﻿2026-10-06T19:21:03.7996734Z ##[group]Run actions/setup-go@b7ad1dad31e06c5925ef5d2fc7ad053ef454303e
Build and test	Run actions/setup-go@b7ad1dad31e06c5925ef5d2fc7ad053ef454303e	2026-10-06T19:21:03.7998459Z with:
Build and test	Run actions/setup-go@b7ad1dad31e06c5925ef5d2fc7ad053ef454303e	2026-10-06T19:21:03.7999395Z   go-version-file: go.mod
Build and test	Run actions/setup-go@b7ad1dad31e06c5925ef5d2fc7ad053ef454303e	2026-10-06T19:21:03.8000728Z   cache: false
Build and test	Run actions/setup-go@b7ad1dad31e06c5925ef5d2fc7ad053ef454303e	2026-10-06T19:21:03.8001674Z   check-latest: false
Build and test	Run actions/setup-go@b7ad1dad31e06c5925ef5d2fc7ad053ef454303e	2026-10-06T19:21:03.8012039Z   token: ***
Build and test	Run actions/setup-go@b7ad1dad31e06c5925ef5d2fc7ad053ef454303e	2026-10-06T19:21:03.8012976Z ##[endgroup]
Build and test	Run actions/setup-go@b7ad1dad31e06c5925ef5d2fc7ad053ef454303e	2026-10-06T19:21:03.9223065Z Setup go version spec 1.27.1
Build and test	Run actions/setup-go@b7ad1dad31e06c5925ef5d2fc7ad053ef454303e	2026-10-06T19:21:03.9233579Z Attempting to download 1.27.1...
Build and test	Run actions/setup-go@b7ad1dad31e06c5925ef5d2fc7ad053ef454303e	2026-10-06T19:21:04.6522308Z matching 1.27.1...
Build and test	Run actions/setup-go@b7ad1dad31e06c5925ef5d2fc7ad053ef454303e	2026-10-06T19:21:04.6530697Z Acquiring 1.27.1 from https://github.com/actions/go-versions/releases/download/1.27.1-33583469715/go-1.27.1-linux-x64.tar.gz
Build and test	Run actions/setup-go@b7ad1dad31e06c5925ef5d2fc7ad053ef454303e	2026-10-06T19:21:05.2944002Z Extracting Go...
Build and test	Run actions/setup-go@b7ad1dad31e06c5925ef5d2fc7ad053ef454303e	2026-10-06T19:21:05.3083381Z [command]/usr/bin/tar xz --warning=no-unknown-keyword --overwrite -C /home/runner/work/_temp/72804cb1-9e5f-4b71-a22b-c71bd0afd7b1 -f /home/runner/work/_temp/e8f561c2-2d0e-40de-96f9-5b720ef920ec
Build and test	Run actions/setup-go@b7ad1dad31e06c5925ef5d2fc7ad053ef454303e	2026-10-06T19:21:07.0438809Z Successfully extracted go to /home/runner/work/_temp/72804cb1-9e5f-4b71-a22b-c71bd0afd7b1
Build and test	Run actions/setup-go@b7ad1dad31e06c5925ef5d2fc7ad053ef454303e	2026-10-06T19:21:07.0440344Z Adding to the cache ...
Build and test	Run actions/setup-go@b7ad1dad31e06c5925ef5d2fc7ad053ef454303e	2026-10-06T19:21:12.9494572Z Successfully cached go to /opt/hostedtoolcache/go/1.27.1/x64
Build and test	Run actions/setup-go@b7ad1dad31e06c5925ef5d2fc7ad053ef454303e	2026-10-06T19:21:12.9496334Z Added go to the path
Build and test	Run actions/setup-go@b7ad1dad31e06c5925ef5d2fc7ad053ef454303e	2026-10-06T19:21:12.9499354Z Successfully set up Go version 1.27.1
Build and test	Run actions/setup-go@b7ad1dad31e06c5925ef5d2fc7ad053ef454303e	2026-10-06T19:21:12.9719162Z go version go1.27.1 linux/amd64
Build and test	Run actions/setup-go@b7ad1dad31e06c5925ef5d2fc7ad053ef454303e	2026-10-06T19:21:12.9719474Z 
Build and test	Run actions/setup-go@b7ad1dad31e06c5925ef5d2fc7ad053ef454303e	2026-10-06T19:21:12.9720182Z ##[group]go env
Build and test	Run actions/setup-go@b7ad1dad31e06c5925ef5d2fc7ad053ef454303e	2026-10-06T19:21:13.6318961Z AR='ar'
Build and test	Run actions/setup-go@b7ad1dad31e06c5925ef5d2fc7ad053ef454303e	2026-10-06T19:21:13.6319510Z CC='gcc'
Build and test	Run actions/setup-go@b7ad1dad31e06c5925ef5d2fc7ad053ef454303e	2026-10-06T19:21:13.6320168Z CGO_CFLAGS='-O2 -g'
Build and test	Run actions/setup-go@b7ad1dad31e06c5925ef5d2fc7ad053ef454303e	2026-10-06T19:21:13.6320621Z CGO_CPPFLAGS=''
Build and test	Run actions/setup-go@b7ad1dad31e06c5925ef5d2fc7ad053ef454303e	2026-10-06T19:21:13.6331168Z CGO_CXXFLAGS='-O2 -g'
Build and test	Run actions/setup-go@b7ad1dad31e06c5925ef5d2fc7ad053ef454303e	2026-10-06T19:21:13.6331742Z CGO_ENABLED='1'
Build and test	Run actions/setup-go@b7ad1dad31e06c5925ef5d2fc7ad053ef454303e	2026-10-06T19:21:13.6332352Z CGO_FFLAGS='-O2 -g'
Build and test	Run actions/setup-go@b7ad1dad31e06c5925ef5d2fc7ad053ef454303e	2026-10-06T19:21:13.6333017Z CGO_LDFLAGS='-O2 -g'
Build and test	Run actions/setup-go@b7ad1dad31e06c5925ef5d2fc7ad053ef454303e	2026-10-06T19:21:13.6333421Z CXX='g++'
Build and test	Run actions/setup-go@b7ad1dad31e06c5925ef5d2fc7ad053ef454303e	2026-10-06T19:21:13.6333744Z GCCGO='gccgo'
Build and test	Run actions/setup-go@b7ad1dad31e06c5925ef5d2fc7ad053ef454303e	2026-10-06T19:21:13.6334083Z GO111MODULE=''
Build and test	Run actions/setup-go@b7ad1dad31e06c5925ef5d2fc7ad053ef454303e	2026-10-06T19:21:13.6334401Z GOAMD64='v1'
Build and test	Run actions/setup-go@b7ad1dad31e06c5925ef5d2fc7ad053ef454303e	2026-10-06T19:21:13.6334703Z GOARCH='amd64'
Build and test	Run actions/setup-go@b7ad1dad31e06c5925ef5d2fc7ad053ef454303e	2026-10-06T19:21:13.6335056Z GOAUTH='netrc'
Build and test	Run actions/setup-go@b7ad1dad31e06c5925ef5d2fc7ad053ef454303e	2026-10-06T19:21:13.6335383Z GOBIN='/home/runner/go/bin'
Build and test	Run actions/setup-go@b7ad1dad31e06c5925ef5d2fc7ad053ef454303e	2026-10-06T19:21:13.6335793Z GOCACHE='/home/runner/.cache/go-build'
Build and test	Run actions/setup-go@b7ad1dad31e06c5925ef5d2fc7ad053ef454303e	2026-10-06T19:21:13.6336220Z GOCACHEPROG=''
Build and test	Run actions/setup-go@b7ad1dad31e06c5925ef5d2fc7ad053ef454303e	2026-10-06T19:21:13.6336530Z GODEBUG=''
Build and test	Run actions/setup-go@b7ad1dad31e06c5925ef5d2fc7ad053ef454303e	2026-10-06T19:21:13.6336882Z GOENV='/home/runner/.config/go/env'
Build and test	Run actions/setup-go@b7ad1dad31e06c5925ef5d2fc7ad053ef454303e	2026-10-06T19:21:13.6337396Z GOEXE=''
Build and test	Run actions/setup-go@b7ad1dad31e06c5925ef5d2fc7ad053ef454303e	2026-10-06T19:21:13.6337786Z GOEXPERIMENT=''
Build and test	Run actions/setup-go@b7ad1dad31e06c5925ef5d2fc7ad053ef454303e	2026-10-06T19:21:13.6338251Z GOFIPS140='off'
Build and test	Run actions/setup-go@b7ad1dad31e06c5925ef5d2fc7ad053ef454303e	2026-10-06T19:21:13.6338574Z GOFLAGS=''
Build and test	Run actions/setup-go@b7ad1dad31e06c5925ef5d2fc7ad053ef454303e	2026-10-06T19:21:13.6340392Z GOGCCFLAGS='-fPIC -m64 -pthread -Wl,--no-gc-sections -fmessage-length=0 -ffile-prefix-map=/tmp/go-build2572009463=/tmp/go-build -gno-record-gcc-switches'
Build and test	Run actions/setup-go@b7ad1dad31e06c5925ef5d2fc7ad053ef454303e	2026-10-06T19:21:13.6341578Z GOHOSTARCH='amd64'
Build and test	Run actions/setup-go@b7ad1dad31e06c5925ef5d2fc7ad053ef454303e	2026-10-06T19:21:13.6342003Z GOHOSTOS='linux'
Build and test	Run actions/setup-go@b7ad1dad31e06c5925ef5d2fc7ad053ef454303e	2026-10-06T19:21:13.6342375Z GOINSECURE=''
Build and test	Run actions/setup-go@b7ad1dad31e06c5925ef5d2fc7ad053ef454303e	2026-10-06T19:21:13.6343129Z GOMOD='/home/runner/work/devops-devsecops-demo/devops-devsecops-demo/go.mod'
Build and test	Run actions/setup-go@b7ad1dad31e06c5925ef5d2fc7ad053ef454303e	2026-10-06T19:21:13.6343948Z GOMODCACHE='/home/runner/go/pkg/mod'
Build and test	Run actions/setup-go@b7ad1dad31e06c5925ef5d2fc7ad053ef454303e	2026-10-06T19:21:13.6344434Z GONOPROXY=''
Build and test	Run actions/setup-go@b7ad1dad31e06c5925ef5d2fc7ad053ef454303e	2026-10-06T19:21:13.6344806Z GONOSUMDB=''
Build and test	Run actions/setup-go@b7ad1dad31e06c5925ef5d2fc7ad053ef454303e	2026-10-06T19:21:13.6345195Z GOOS='linux'
Build and test	Run actions/setup-go@b7ad1dad31e06c5925ef5d2fc7ad053ef454303e	2026-10-06T19:21:13.6345564Z GOPACKAGESDRIVER=''
Build and test	Run actions/setup-go@b7ad1dad31e06c5925ef5d2fc7ad053ef454303e	2026-10-06T19:21:13.6345977Z GOPATH='/home/runner/go'
Build and test	Run actions/setup-go@b7ad1dad31e06c5925ef5d2fc7ad053ef454303e	2026-10-06T19:21:13.6346429Z GOPRIVATE=''
Build and test	Run actions/setup-go@b7ad1dad31e06c5925ef5d2fc7ad053ef454303e	2026-10-06T19:21:13.6347135Z GOPROXY='https://proxy.golang.org,direct'
Build and test	Run actions/setup-go@b7ad1dad31e06c5925ef5d2fc7ad053ef454303e	2026-10-06T19:21:13.6347901Z GOROOT='/opt/hostedtoolcache/go/1.27.1/x64'
Build and test	Run actions/setup-go@b7ad1dad31e06c5925ef5d2fc7ad053ef454303e	2026-10-06T19:21:13.6348564Z GOSUMDB='sum.golang.org'
Build and test	Run actions/setup-go@b7ad1dad31e06c5925ef5d2fc7ad053ef454303e	2026-10-06T19:21:13.6349021Z GOTELEMETRY='local'
Build and test	Run actions/setup-go@b7ad1dad31e06c5925ef5d2fc7ad053ef454303e	2026-10-06T19:21:13.6349829Z GOTELEMETRYDIR='/home/runner/.config/go/telemetry'
Build and test	Run actions/setup-go@b7ad1dad31e06c5925ef5d2fc7ad053ef454303e	2026-10-06T19:21:13.6350427Z GOTMPDIR=''
Build and test	Run actions/setup-go@b7ad1dad31e06c5925ef5d2fc7ad053ef454303e	2026-10-06T19:21:13.6350854Z GOTOOLCHAIN='local'
Build and test	Run actions/setup-go@b7ad1dad31e06c5925ef5d2fc7ad053ef454303e	2026-10-06T19:21:13.6351478Z GOTOOLDIR='/opt/hostedtoolcache/go/1.27.1/x64/pkg/tool/linux_amd64'
Build and test	Run actions/setup-go@b7ad1dad31e06c5925ef5d2fc7ad053ef454303e	2026-10-06T19:21:13.6352162Z GOVCS=''
Build and test	Run actions/setup-go@b7ad1dad31e06c5925ef5d2fc7ad053ef454303e	2026-10-06T19:21:13.6352540Z GOVERSION='go1.27.1'
Build and test	Run actions/setup-go@b7ad1dad31e06c5925ef5d2fc7ad053ef454303e	2026-10-06T19:21:13.6352948Z GOWORK=''
Build and test	Run actions/setup-go@b7ad1dad31e06c5925ef5d2fc7ad053ef454303e	2026-10-06T19:21:13.6353336Z PKG_CONFIG='pkg-config'
Build and test	Run actions/setup-go@b7ad1dad31e06c5925ef5d2fc7ad053ef454303e	2026-10-06T19:21:13.6353625Z 
Build and test	Run actions/setup-go@b7ad1dad31e06c5925ef5d2fc7ad053ef454303e	2026-10-06T19:21:13.6354324Z ##[endgroup]
Build and test	Compile, vet and test with race detection	﻿2026-10-06T19:21:13.6517408Z ##[group]Run mkdir -p reports build
Build and test	Compile, vet and test with race detection	2026-10-06T19:21:13.6517809Z ^[[36;1mmkdir -p reports build^[[0m
Build and test	Compile, vet and test with race detection	2026-10-06T19:21:13.6518086Z ^[[36;1mgo mod download^[[0m
Build and test	Compile, vet and test with race detection	2026-10-06T19:21:13.6518423Z ^[[36;1mgo build -trimpath -o build/server ./cmd/server^[[0m
Build and test	Compile, vet and test with race detection	2026-10-06T19:21:13.6518768Z ^[[36;1mgo vet ./...^[[0m
Build and test	Compile, vet and test with race detection	2026-10-06T19:21:13.6519173Z ^[[36;1mgo test -race -v -coverprofile=reports/coverage.out ./... | tee reports/tests.txt^[[0m
Build and test	Compile, vet and test with race detection	2026-10-06T19:21:13.6775484Z shell: /usr/bin/bash --noprofile --norc -e -o pipefail {0}
Build and test	Compile, vet and test with race detection	2026-10-06T19:21:13.6775972Z env:
Build and test	Compile, vet and test with race detection	2026-10-06T19:21:13.6776216Z   GOTOOLCHAIN: local
Build and test	Compile, vet and test with race detection	2026-10-06T19:21:13.6776504Z ##[endgroup]
Build and test	Compile, vet and test with race detection	2026-10-06T19:22:01.0457953Z 	github.com/vimalyad/devops-devsecops-demo/cmd/server		coverage: 0.0% of statements
Build and test	Compile, vet and test with race detection	2026-10-06T19:22:01.8597207Z === RUN   TestReleaseLifecycle
Build and test	Compile, vet and test with race detection	2026-10-06T19:22:01.8597766Z --- PASS: TestReleaseLifecycle (0.00s)
Build and test	Compile, vet and test with race detection	2026-10-06T19:22:01.8598311Z === RUN   TestValidation
Build and test	Compile, vet and test with race detection	2026-10-06T19:22:01.8598730Z --- PASS: TestValidation (0.00s)
Build and test	Compile, vet and test with race detection	2026-10-06T19:22:01.8599204Z === RUN   TestMalformedJSON
Build and test	Compile, vet and test with race detection	2026-10-06T19:22:01.8600016Z --- PASS: TestMalformedJSON (0.00s)
Build and test	Compile, vet and test with race detection	2026-10-06T19:22:01.8600515Z === RUN   TestMissingRelease
Build and test	Compile, vet and test with race detection	2026-10-06T19:22:01.8601007Z --- PASS: TestMissingRelease (0.00s)
Build and test	Compile, vet and test with race detection	2026-10-06T19:22:01.8601508Z === RUN   TestEmptyListAndHealth
Build and test	Compile, vet and test with race detection	2026-10-06T19:22:01.8602085Z --- PASS: TestEmptyListAndHealth (0.00s)
Build and test	Compile, vet and test with race detection	2026-10-06T19:22:01.8602628Z === RUN   TestConcurrentCreates
Build and test	Compile, vet and test with race detection	2026-10-06T19:22:01.8603143Z --- PASS: TestConcurrentCreates (0.00s)
Build and test	Compile, vet and test with race detection	2026-10-06T19:22:01.8603670Z PASS
Build and test	Compile, vet and test with race detection	2026-10-06T19:22:01.8604064Z coverage: 92.9% of statements
Build and test	Compile, vet and test with race detection	2026-10-06T19:22:01.8604929Z ok  	github.com/vimalyad/devops-devsecops-demo/internal/api	1.020s	coverage: 92.9% of statements
Build and test	Save test-results	﻿2026-10-06T19:22:01.9592878Z ##[group]Run actions/upload-artifact@043fb46d1a93c77aae656e7c1c64a875d1fc6a0a
Build and test	Save test-results	2026-10-06T19:22:01.9593316Z with:
Build and test	Save test-results	2026-10-06T19:22:01.9593516Z   name: test-results
Build and test	Save test-results	2026-10-06T19:22:01.9593726Z   path: reports/
Build and test	Save test-results	2026-10-06T19:22:01.9593934Z   if-no-files-found: error
Build and test	Save test-results	2026-10-06T19:22:01.9594167Z   retention-days: 14
Build and test	Save test-results	2026-10-06T19:22:01.9594379Z   compression-level: 6
Build and test	Save test-results	2026-10-06T19:22:01.9594598Z   overwrite: false
Build and test	Save test-results	2026-10-06T19:22:01.9594806Z   include-hidden-files: false
Build and test	Save test-results	2026-10-06T19:22:01.9595035Z   archive: true
Build and test	Save test-results	2026-10-06T19:22:01.9595219Z env:
Build and test	Save test-results	2026-10-06T19:22:01.9595395Z   GOTOOLCHAIN: local
Build and test	Save test-results	2026-10-06T19:22:01.9595594Z ##[endgroup]
Build and test	Save test-results	2026-10-06T19:22:02.1061300Z With the provided path, there will be 2 files uploaded
Build and test	Save test-results	2026-10-06T19:22:02.1066740Z Artifact name is valid!
Build and test	Save test-results	2026-10-06T19:22:02.1067751Z Root directory input is valid!
Build and test	Save test-results	2026-10-06T19:22:02.3793286Z Uploading artifact: test-results.zip
Build and test	Save test-results	2026-10-06T19:22:02.3839443Z Beginning upload of artifact content to blob storage
Build and test	Save test-results	2026-10-06T19:22:02.5590587Z Uploaded bytes 967
Build and test	Save test-results	2026-10-06T19:22:02.5997642Z Finished uploading artifact content to blob storage!
Build and test	Save test-results	2026-10-06T19:22:02.5999150Z SHA256 digest of uploaded artifact is 674e66eb704d578d736a5c2f20b8cf465a27c760c7d67babb502c39669d61c4b
Build and test	Save test-results	2026-10-06T19:22:02.6000613Z Finalizing artifact upload
Build and test	Save test-results	2026-10-06T19:22:02.9211281Z Artifact test-results successfully finalized. Artifact ID 11437632648
Build and test	Save test-results	2026-10-06T19:22:02.9212663Z Artifact test-results has been successfully uploaded! Final size is 967 bytes. Artifact ID is 11437632648
Build and test	Save test-results	2026-10-06T19:22:02.9216689Z Artifact download URL: https://github.com/vimalyad/devops-devsecops-demo/actions/runs/37518286603/artifacts/11437632648
Build and test	Post Run actions/setup-go@b7ad1dad31e06c5925ef5d2fc7ad053ef454303e	﻿2026-10-06T19:22:02.9380523Z Post job cleanup.
Build and test	Post Run actions/checkout@3d3c42e5aac5ba805825da76410c181273ba90b1	﻿2026-10-06T19:22:03.0676815Z Post job cleanup.
Build and test	Post Run actions/checkout@3d3c42e5aac5ba805825da76410c181273ba90b1	2026-10-06T19:22:03.1701011Z [command]/usr/bin/git version
Build and test	Post Run actions/checkout@3d3c42e5aac5ba805825da76410c181273ba90b1	2026-10-06T19:22:03.1760413Z git version 2.55.0
Build and test	Post Run actions/checkout@3d3c42e5aac5ba805825da76410c181273ba90b1	2026-10-06T19:22:03.1824290Z Temporarily overriding HOME='/home/runner/work/_temp/03a41164-fcf4-4d82-952b-923df1050560' before making global git config changes
Build and test	Post Run actions/checkout@3d3c42e5aac5ba805825da76410c181273ba90b1	2026-10-06T19:22:03.1851921Z Adding repository directory to the temporary git global config as a safe directory
Build and test	Post Run actions/checkout@3d3c42e5aac5ba805825da76410c181273ba90b1	2026-10-06T19:22:03.1853967Z [command]/usr/bin/git config --global --add safe.directory /home/runner/work/devops-devsecops-demo/devops-devsecops-demo
Build and test	Post Run actions/checkout@3d3c42e5aac5ba805825da76410c181273ba90b1	2026-10-06T19:22:03.1918933Z Removing SSH command configuration
Build and test	Post Run actions/checkout@3d3c42e5aac5ba805825da76410c181273ba90b1	2026-10-06T19:22:03.1932006Z [command]/usr/bin/git config --local --name-only --get-regexp core\.sshCommand
Build and test	Post Run actions/checkout@3d3c42e5aac5ba805825da76410c181273ba90b1	2026-10-06T19:22:03.1997872Z [command]/usr/bin/git submodule foreach --recursive sh -c "git config --local --name-only --get-regexp 'core\.sshCommand' && git config --local --unset-all 'core.sshCommand' || :"
Build and test	Post Run actions/checkout@3d3c42e5aac5ba805825da76410c181273ba90b1	2026-10-06T19:22:03.2331718Z Removing HTTP extra header
Build and test	Post Run actions/checkout@3d3c42e5aac5ba805825da76410c181273ba90b1	2026-10-06T19:22:03.2339327Z [command]/usr/bin/git config --local --name-only --get-regexp http\.https\:\/\/github\.com\/\.extraheader
Build and test	Post Run actions/checkout@3d3c42e5aac5ba805825da76410c181273ba90b1	2026-10-06T19:22:03.2400932Z [command]/usr/bin/git submodule foreach --recursive sh -c "git config --local --name-only --get-regexp 'http\.https\:\/\/github\.com\/\.extraheader' && git config --local --unset-all 'http.https://github.com/.extraheader' || :"
Build and test	Post Run actions/checkout@3d3c42e5aac5ba805825da76410c181273ba90b1	2026-10-06T19:22:03.2747751Z Removing includeIf entries pointing to credentials config files
Build and test	Post Run actions/checkout@3d3c42e5aac5ba805825da76410c181273ba90b1	2026-10-06T19:22:03.2756458Z [command]/usr/bin/git config --local --name-only --get-regexp ^includeIf\.gitdir:
Build and test	Post Run actions/checkout@3d3c42e5aac5ba805825da76410c181273ba90b1	2026-10-06T19:22:03.2816238Z [command]/usr/bin/git submodule foreach --recursive git config --local --show-origin --name-only --get-regexp remote.origin.url
Build and test	Complete job	﻿2026-10-06T19:22:03.3251494Z Cleaning up orphan processes
SAST, SCA and secret gates	Set up job	﻿2026-10-06T19:22:11.4023463Z Current runner version: '2.337.0'
SAST, SCA and secret gates	Set up job	2026-10-06T19:22:11.4049758Z ##[group]Runner Image Provisioner
SAST, SCA and secret gates	Set up job	2026-10-06T19:22:11.4050680Z Hosted Compute Agent
SAST, SCA and secret gates	Set up job	2026-10-06T19:22:11.4051359Z Version: 20260901.588
SAST, SCA and secret gates	Set up job	2026-10-06T19:22:11.4051998Z Commit: f88ec8081b781fac6c440065ac7ff9e710ce3d0b
SAST, SCA and secret gates	Set up job	2026-10-06T19:22:11.4052705Z Build Date: 2026-09-01T19:56:44Z
SAST, SCA and secret gates	Set up job	2026-10-06T19:22:11.4053472Z Worker ID: {0d8c7b92-bb0e-4e6a-9f49-e3b6fed55488}
SAST, SCA and secret gates	Set up job	2026-10-06T19:22:11.4054233Z Azure Region: westus
SAST, SCA and secret gates	Set up job	2026-10-06T19:22:11.4054880Z ##[endgroup]
SAST, SCA and secret gates	Set up job	2026-10-06T19:22:11.4056470Z ##[group]Operating System
SAST, SCA and secret gates	Set up job	2026-10-06T19:22:11.4057115Z Ubuntu
SAST, SCA and secret gates	Set up job	2026-10-06T19:22:11.4057739Z 24.04.5
SAST, SCA and secret gates	Set up job	2026-10-06T19:22:11.4058288Z LTS
SAST, SCA and secret gates	Set up job	2026-10-06T19:22:11.4059136Z ##[endgroup]
SAST, SCA and secret gates	Set up job	2026-10-06T19:22:11.4059724Z ##[group]Runner Image
SAST, SCA and secret gates	Set up job	2026-10-06T19:22:11.4060313Z Image: ubuntu-24.04
SAST, SCA and secret gates	Set up job	2026-10-06T19:22:11.4060937Z Version: 20260927.320.1
SAST, SCA and secret gates	Set up job	2026-10-06T19:22:11.4062147Z Included Software: https://github.com/actions/runner-images/blob/ubuntu24/20260927.320/images/ubuntu/Ubuntu2404-Readme.md
SAST, SCA and secret gates	Set up job	2026-10-06T19:22:11.4064360Z Image Release: https://github.com/actions/runner-images/releases/tag/ubuntu24%2F20260927.320
SAST, SCA and secret gates	Set up job	2026-10-06T19:22:11.4065356Z ##[endgroup]
SAST, SCA and secret gates	Set up job	2026-10-06T19:22:11.4066549Z ##[group]GITHUB_TOKEN Permissions
SAST, SCA and secret gates	Set up job	2026-10-06T19:22:11.4069098Z Contents: read
SAST, SCA and secret gates	Set up job	2026-10-06T19:22:11.4069852Z Metadata: read
SAST, SCA and secret gates	Set up job	2026-10-06T19:22:11.4070415Z ##[endgroup]
SAST, SCA and secret gates	Set up job	2026-10-06T19:22:11.4072576Z Secret source: Actions
SAST, SCA and secret gates	Set up job	2026-10-06T19:22:11.4073594Z Cache mode: write
SAST, SCA and secret gates	Set up job	2026-10-06T19:22:11.4074584Z Prepare workflow directory
SAST, SCA and secret gates	Set up job	2026-10-06T19:22:11.4539811Z Prepare all required actions
SAST, SCA and secret gates	Set up job	2026-10-06T19:22:11.4587581Z Getting action download info
SAST, SCA and secret gates	Set up job	2026-10-06T19:22:11.8745373Z Download action repository 'actions/checkout@3d3c42e5aac5ba805825da76410c181273ba90b1' (SHA:3d3c42e5aac5ba805825da76410c181273ba90b1)
SAST, SCA and secret gates	Set up job	2026-10-06T19:22:11.9870488Z Download action repository 'actions/setup-go@b7ad1dad31e06c5925ef5d2fc7ad053ef454303e' (SHA:b7ad1dad31e06c5925ef5d2fc7ad053ef454303e)
SAST, SCA and secret gates	Set up job	2026-10-06T19:22:12.4119474Z Download action repository 'actions/upload-artifact@043fb46d1a93c77aae656e7c1c64a875d1fc6a0a' (SHA:043fb46d1a93c77aae656e7c1c64a875d1fc6a0a)
SAST, SCA and secret gates	Set up job	2026-10-06T19:22:12.5993128Z Complete job name: SAST, SCA and secret gates
SAST, SCA and secret gates	Run actions/checkout@3d3c42e5aac5ba805825da76410c181273ba90b1	﻿2026-10-06T19:22:12.6927723Z ##[group]Run actions/checkout@3d3c42e5aac5ba805825da76410c181273ba90b1
SAST, SCA and secret gates	Run actions/checkout@3d3c42e5aac5ba805825da76410c181273ba90b1	2026-10-06T19:22:12.6929989Z with:
SAST, SCA and secret gates	Run actions/checkout@3d3c42e5aac5ba805825da76410c181273ba90b1	2026-10-06T19:22:12.6930829Z   fetch-depth: 0
SAST, SCA and secret gates	Run actions/checkout@3d3c42e5aac5ba805825da76410c181273ba90b1	2026-10-06T19:22:12.6931455Z   persist-credentials: false
SAST, SCA and secret gates	Run actions/checkout@3d3c42e5aac5ba805825da76410c181273ba90b1	2026-10-06T19:22:12.6932065Z   repository: vimalyad/devops-devsecops-demo
SAST, SCA and secret gates	Run actions/checkout@3d3c42e5aac5ba805825da76410c181273ba90b1	2026-10-06T19:22:12.6937857Z   token: ***
SAST, SCA and secret gates	Run actions/checkout@3d3c42e5aac5ba805825da76410c181273ba90b1	2026-10-06T19:22:12.6938768Z   ssh-strict: true
SAST, SCA and secret gates	Run actions/checkout@3d3c42e5aac5ba805825da76410c181273ba90b1	2026-10-06T19:22:12.6939741Z   ssh-user: git
SAST, SCA and secret gates	Run actions/checkout@3d3c42e5aac5ba805825da76410c181273ba90b1	2026-10-06T19:22:12.6940745Z   clean: true
SAST, SCA and secret gates	Run actions/checkout@3d3c42e5aac5ba805825da76410c181273ba90b1	2026-10-06T19:22:12.6941592Z   sparse-checkout-cone-mode: true
SAST, SCA and secret gates	Run actions/checkout@3d3c42e5aac5ba805825da76410c181273ba90b1	2026-10-06T19:22:12.6942237Z   fetch-tags: false
SAST, SCA and secret gates	Run actions/checkout@3d3c42e5aac5ba805825da76410c181273ba90b1	2026-10-06T19:22:12.6942721Z   show-progress: true
SAST, SCA and secret gates	Run actions/checkout@3d3c42e5aac5ba805825da76410c181273ba90b1	2026-10-06T19:22:12.6943211Z   lfs: false
SAST, SCA and secret gates	Run actions/checkout@3d3c42e5aac5ba805825da76410c181273ba90b1	2026-10-06T19:22:12.6943663Z   submodules: false
SAST, SCA and secret gates	Run actions/checkout@3d3c42e5aac5ba805825da76410c181273ba90b1	2026-10-06T19:22:12.6944139Z   set-safe-directory: true
SAST, SCA and secret gates	Run actions/checkout@3d3c42e5aac5ba805825da76410c181273ba90b1	2026-10-06T19:22:12.6944679Z   allow-unsafe-pr-checkout: false
SAST, SCA and secret gates	Run actions/checkout@3d3c42e5aac5ba805825da76410c181273ba90b1	2026-10-06T19:22:12.6945669Z ##[endgroup]
SAST, SCA and secret gates	Run actions/checkout@3d3c42e5aac5ba805825da76410c181273ba90b1	2026-10-06T19:22:12.7961169Z Syncing repository: vimalyad/devops-devsecops-demo
SAST, SCA and secret gates	Run actions/checkout@3d3c42e5aac5ba805825da76410c181273ba90b1	2026-10-06T19:22:12.7963277Z ##[group]Getting Git version info
SAST, SCA and secret gates	Run actions/checkout@3d3c42e5aac5ba805825da76410c181273ba90b1	2026-10-06T19:22:12.7964367Z Working directory is '/home/runner/work/devops-devsecops-demo/devops-devsecops-demo'
SAST, SCA and secret gates	Run actions/checkout@3d3c42e5aac5ba805825da76410c181273ba90b1	2026-10-06T19:22:12.7965899Z [command]/usr/bin/git version
SAST, SCA and secret gates	Run actions/checkout@3d3c42e5aac5ba805825da76410c181273ba90b1	2026-10-06T19:22:12.8080243Z git version 2.55.0
SAST, SCA and secret gates	Run actions/checkout@3d3c42e5aac5ba805825da76410c181273ba90b1	2026-10-06T19:22:12.8105736Z ##[endgroup]
SAST, SCA and secret gates	Run actions/checkout@3d3c42e5aac5ba805825da76410c181273ba90b1	2026-10-06T19:22:12.8117834Z Temporarily overriding HOME='/home/runner/work/_temp/e054816c-eca7-45a0-96e8-59331b6376e4' before making global git config changes
SAST, SCA and secret gates	Run actions/checkout@3d3c42e5aac5ba805825da76410c181273ba90b1	2026-10-06T19:22:12.8121246Z Adding repository directory to the temporary git global config as a safe directory
SAST, SCA and secret gates	Run actions/checkout@3d3c42e5aac5ba805825da76410c181273ba90b1	2026-10-06T19:22:12.8125307Z [command]/usr/bin/git config --global --add safe.directory /home/runner/work/devops-devsecops-demo/devops-devsecops-demo
SAST, SCA and secret gates	Run actions/checkout@3d3c42e5aac5ba805825da76410c181273ba90b1	2026-10-06T19:22:12.8182469Z Deleting the contents of '/home/runner/work/devops-devsecops-demo/devops-devsecops-demo'
SAST, SCA and secret gates	Run actions/checkout@3d3c42e5aac5ba805825da76410c181273ba90b1	2026-10-06T19:22:12.8187870Z ##[group]Determining repository object format
SAST, SCA and secret gates	Run actions/checkout@3d3c42e5aac5ba805825da76410c181273ba90b1	2026-10-06T19:22:12.8190424Z ##[endgroup]
SAST, SCA and secret gates	Run actions/checkout@3d3c42e5aac5ba805825da76410c181273ba90b1	2026-10-06T19:22:12.8191828Z ##[group]Initializing the repository
SAST, SCA and secret gates	Run actions/checkout@3d3c42e5aac5ba805825da76410c181273ba90b1	2026-10-06T19:22:12.8195008Z [command]/usr/bin/git init /home/runner/work/devops-devsecops-demo/devops-devsecops-demo
SAST, SCA and secret gates	Run actions/checkout@3d3c42e5aac5ba805825da76410c181273ba90b1	2026-10-06T19:22:12.8332823Z hint: Using 'master' as the name for the initial branch. This default branch name
SAST, SCA and secret gates	Run actions/checkout@3d3c42e5aac5ba805825da76410c181273ba90b1	2026-10-06T19:22:12.8334773Z hint: will change to "main" in Git 3.0. To configure the initial branch name
SAST, SCA and secret gates	Run actions/checkout@3d3c42e5aac5ba805825da76410c181273ba90b1	2026-10-06T19:22:12.8336474Z hint: to use in all of your new repositories, which will suppress this warning,
SAST, SCA and secret gates	Run actions/checkout@3d3c42e5aac5ba805825da76410c181273ba90b1	2026-10-06T19:22:12.8337795Z hint: call:
SAST, SCA and secret gates	Run actions/checkout@3d3c42e5aac5ba805825da76410c181273ba90b1	2026-10-06T19:22:12.8339297Z hint:
SAST, SCA and secret gates	Run actions/checkout@3d3c42e5aac5ba805825da76410c181273ba90b1	2026-10-06T19:22:12.8340349Z hint: 	git config --global init.defaultBranch <name>
SAST, SCA and secret gates	Run actions/checkout@3d3c42e5aac5ba805825da76410c181273ba90b1	2026-10-06T19:22:12.8341570Z hint:
SAST, SCA and secret gates	Run actions/checkout@3d3c42e5aac5ba805825da76410c181273ba90b1	2026-10-06T19:22:12.8342754Z hint: Names commonly chosen instead of 'master' are 'main', 'trunk' and
SAST, SCA and secret gates	Run actions/checkout@3d3c42e5aac5ba805825da76410c181273ba90b1	2026-10-06T19:22:12.8344545Z hint: 'development'. The just-created branch can be renamed via this command:
SAST, SCA and secret gates	Run actions/checkout@3d3c42e5aac5ba805825da76410c181273ba90b1	2026-10-06T19:22:12.8345934Z hint:
SAST, SCA and secret gates	Run actions/checkout@3d3c42e5aac5ba805825da76410c181273ba90b1	2026-10-06T19:22:12.8346712Z hint: 	git branch -m <name>
SAST, SCA and secret gates	Run actions/checkout@3d3c42e5aac5ba805825da76410c181273ba90b1	2026-10-06T19:22:12.8347561Z hint:
SAST, SCA and secret gates	Run actions/checkout@3d3c42e5aac5ba805825da76410c181273ba90b1	2026-10-06T19:22:12.8348876Z hint: Disable this message with "git config set advice.defaultBranchName false"
SAST, SCA and secret gates	Run actions/checkout@3d3c42e5aac5ba805825da76410c181273ba90b1	2026-10-06T19:22:12.8351073Z Initialized empty Git repository in /home/runner/work/devops-devsecops-demo/devops-devsecops-demo/.git/
SAST, SCA and secret gates	Run actions/checkout@3d3c42e5aac5ba805825da76410c181273ba90b1	2026-10-06T19:22:12.8356491Z [command]/usr/bin/git remote add origin https://github.com/vimalyad/devops-devsecops-demo
SAST, SCA and secret gates	Run actions/checkout@3d3c42e5aac5ba805825da76410c181273ba90b1	2026-10-06T19:22:12.8427175Z ##[endgroup]
SAST, SCA and secret gates	Run actions/checkout@3d3c42e5aac5ba805825da76410c181273ba90b1	2026-10-06T19:22:12.8429052Z ##[group]Disabling automatic garbage collection
SAST, SCA and secret gates	Run actions/checkout@3d3c42e5aac5ba805825da76410c181273ba90b1	2026-10-06T19:22:12.8430834Z [command]/usr/bin/git config --local gc.auto 0
SAST, SCA and secret gates	Run actions/checkout@3d3c42e5aac5ba805825da76410c181273ba90b1	2026-10-06T19:22:12.8475004Z ##[endgroup]
SAST, SCA and secret gates	Run actions/checkout@3d3c42e5aac5ba805825da76410c181273ba90b1	2026-10-06T19:22:12.8476799Z ##[group]Setting up auth
SAST, SCA and secret gates	Run actions/checkout@3d3c42e5aac5ba805825da76410c181273ba90b1	2026-10-06T19:22:12.8477846Z Removing SSH command configuration
SAST, SCA and secret gates	Run actions/checkout@3d3c42e5aac5ba805825da76410c181273ba90b1	2026-10-06T19:22:12.8481748Z [command]/usr/bin/git config --local --name-only --get-regexp core\.sshCommand
SAST, SCA and secret gates	Run actions/checkout@3d3c42e5aac5ba805825da76410c181273ba90b1	2026-10-06T19:22:12.8517727Z [command]/usr/bin/git submodule foreach --recursive sh -c "git config --local --name-only --get-regexp 'core\.sshCommand' && git config --local --unset-all 'core.sshCommand' || :"
SAST, SCA and secret gates	Run actions/checkout@3d3c42e5aac5ba805825da76410c181273ba90b1	2026-10-06T19:22:12.8923658Z Removing HTTP extra header
SAST, SCA and secret gates	Run actions/checkout@3d3c42e5aac5ba805825da76410c181273ba90b1	2026-10-06T19:22:12.8929279Z [command]/usr/bin/git config --local --name-only --get-regexp http\.https\:\/\/github\.com\/\.extraheader
SAST, SCA and secret gates	Run actions/checkout@3d3c42e5aac5ba805825da76410c181273ba90b1	2026-10-06T19:22:12.8965682Z [command]/usr/bin/git submodule foreach --recursive sh -c "git config --local --name-only --get-regexp 'http\.https\:\/\/github\.com\/\.extraheader' && git config --local --unset-all 'http.https://github.com/.extraheader' || :"
SAST, SCA and secret gates	Run actions/checkout@3d3c42e5aac5ba805825da76410c181273ba90b1	2026-10-06T19:22:12.9185909Z Removing includeIf entries pointing to credentials config files
SAST, SCA and secret gates	Run actions/checkout@3d3c42e5aac5ba805825da76410c181273ba90b1	2026-10-06T19:22:12.9191186Z [command]/usr/bin/git config --local --name-only --get-regexp ^includeIf\.gitdir:
SAST, SCA and secret gates	Run actions/checkout@3d3c42e5aac5ba805825da76410c181273ba90b1	2026-10-06T19:22:12.9234066Z [command]/usr/bin/git submodule foreach --recursive git config --local --show-origin --name-only --get-regexp remote.origin.url
SAST, SCA and secret gates	Run actions/checkout@3d3c42e5aac5ba805825da76410c181273ba90b1	2026-10-06T19:22:12.9463199Z [command]/usr/bin/git config --file /home/runner/work/_temp/git-credentials-d1ed941e-729f-475f-b1da-0884c70d014f.config http.https://github.com/.extraheader AUTHORIZATION: basic ***
SAST, SCA and secret gates	Run actions/checkout@3d3c42e5aac5ba805825da76410c181273ba90b1	2026-10-06T19:22:12.9503410Z [command]/usr/bin/git config --local includeIf.gitdir:/home/runner/work/devops-devsecops-demo/devops-devsecops-demo/.git.path /home/runner/work/_temp/git-credentials-d1ed941e-729f-475f-b1da-0884c70d014f.config
SAST, SCA and secret gates	Run actions/checkout@3d3c42e5aac5ba805825da76410c181273ba90b1	2026-10-06T19:22:12.9539049Z [command]/usr/bin/git config --local includeIf.gitdir:/home/runner/work/devops-devsecops-demo/devops-devsecops-demo/.git/worktrees/*.path /home/runner/work/_temp/git-credentials-d1ed941e-729f-475f-b1da-0884c70d014f.config
SAST, SCA and secret gates	Run actions/checkout@3d3c42e5aac5ba805825da76410c181273ba90b1	2026-10-06T19:22:12.9579195Z [command]/usr/bin/git config --local includeIf.gitdir:/github/workspace/.git.path /github/runner_temp/git-credentials-d1ed941e-729f-475f-b1da-0884c70d014f.config
SAST, SCA and secret gates	Run actions/checkout@3d3c42e5aac5ba805825da76410c181273ba90b1	2026-10-06T19:22:12.9616848Z [command]/usr/bin/git config --local includeIf.gitdir:/github/workspace/.git/worktrees/*.path /github/runner_temp/git-credentials-d1ed941e-729f-475f-b1da-0884c70d014f.config
SAST, SCA and secret gates	Run actions/checkout@3d3c42e5aac5ba805825da76410c181273ba90b1	2026-10-06T19:22:12.9648184Z ##[endgroup]
SAST, SCA and secret gates	Run actions/checkout@3d3c42e5aac5ba805825da76410c181273ba90b1	2026-10-06T19:22:12.9650579Z ##[group]Fetching the repository
SAST, SCA and secret gates	Run actions/checkout@3d3c42e5aac5ba805825da76410c181273ba90b1	2026-10-06T19:22:12.9656607Z [command]/usr/bin/git -c protocol.version=2 fetch --no-tags --prune --no-recurse-submodules origin +refs/heads/*:refs/remotes/origin/* +refs/tags/*:refs/tags/*
SAST, SCA and secret gates	Run actions/checkout@3d3c42e5aac5ba805825da76410c181273ba90b1	2026-10-06T19:22:13.5047135Z From https://github.com/vimalyad/devops-devsecops-demo
SAST, SCA and secret gates	Run actions/checkout@3d3c42e5aac5ba805825da76410c181273ba90b1	2026-10-06T19:22:13.5050546Z  * [new branch]      assignment/complete-pipeline -> origin/assignment/complete-pipeline
SAST, SCA and secret gates	Run actions/checkout@3d3c42e5aac5ba805825da76410c181273ba90b1	2026-10-06T19:22:13.5053433Z  * [new branch]      main       -> origin/main
SAST, SCA and secret gates	Run actions/checkout@3d3c42e5aac5ba805825da76410c181273ba90b1	2026-10-06T19:22:13.5061189Z [command]/usr/bin/git branch --list --remote origin/assignment/complete-pipeline
SAST, SCA and secret gates	Run actions/checkout@3d3c42e5aac5ba805825da76410c181273ba90b1	2026-10-06T19:22:13.5091427Z   origin/assignment/complete-pipeline
SAST, SCA and secret gates	Run actions/checkout@3d3c42e5aac5ba805825da76410c181273ba90b1	2026-10-06T19:22:13.5102136Z [command]/usr/bin/git rev-parse refs/remotes/origin/assignment/complete-pipeline
SAST, SCA and secret gates	Run actions/checkout@3d3c42e5aac5ba805825da76410c181273ba90b1	2026-10-06T19:22:13.5128250Z 7f521b7dfc61f65934565c868cff408fb6f0a489
SAST, SCA and secret gates	Run actions/checkout@3d3c42e5aac5ba805825da76410c181273ba90b1	2026-10-06T19:22:13.5135215Z ##[endgroup]
SAST, SCA and secret gates	Run actions/checkout@3d3c42e5aac5ba805825da76410c181273ba90b1	2026-10-06T19:22:13.5138244Z ##[group]Determining the checkout info
SAST, SCA and secret gates	Run actions/checkout@3d3c42e5aac5ba805825da76410c181273ba90b1	2026-10-06T19:22:13.5141307Z ##[endgroup]
SAST, SCA and secret gates	Run actions/checkout@3d3c42e5aac5ba805825da76410c181273ba90b1	2026-10-06T19:22:13.5142945Z [command]/usr/bin/git sparse-checkout disable
SAST, SCA and secret gates	Run actions/checkout@3d3c42e5aac5ba805825da76410c181273ba90b1	2026-10-06T19:22:13.5222739Z [command]/usr/bin/git config --local --unset-all extensions.worktreeConfig
SAST, SCA and secret gates	Run actions/checkout@3d3c42e5aac5ba805825da76410c181273ba90b1	2026-10-06T19:22:13.5262003Z ##[group]Checking out the ref
SAST, SCA and secret gates	Run actions/checkout@3d3c42e5aac5ba805825da76410c181273ba90b1	2026-10-06T19:22:13.5266789Z [command]/usr/bin/git checkout --progress --force -B assignment/complete-pipeline refs/remotes/origin/assignment/complete-pipeline
SAST, SCA and secret gates	Run actions/checkout@3d3c42e5aac5ba805825da76410c181273ba90b1	2026-10-06T19:22:13.5341384Z Switched to a new branch 'assignment/complete-pipeline'
SAST, SCA and secret gates	Run actions/checkout@3d3c42e5aac5ba805825da76410c181273ba90b1	2026-10-06T19:22:13.5350036Z branch 'assignment/complete-pipeline' set up to track 'origin/assignment/complete-pipeline'.
SAST, SCA and secret gates	Run actions/checkout@3d3c42e5aac5ba805825da76410c181273ba90b1	2026-10-06T19:22:13.5362704Z ##[endgroup]
SAST, SCA and secret gates	Run actions/checkout@3d3c42e5aac5ba805825da76410c181273ba90b1	2026-10-06T19:22:13.5405689Z [command]/usr/bin/git log -1 --format=%H
SAST, SCA and secret gates	Run actions/checkout@3d3c42e5aac5ba805825da76410c181273ba90b1	2026-10-06T19:22:13.5435951Z 7f521b7dfc61f65934565c868cff408fb6f0a489
SAST, SCA and secret gates	Run actions/checkout@3d3c42e5aac5ba805825da76410c181273ba90b1	2026-10-06T19:22:13.5445616Z ##[group]Removing auth
SAST, SCA and secret gates	Run actions/checkout@3d3c42e5aac5ba805825da76410c181273ba90b1	2026-10-06T19:22:13.5447706Z Removing SSH command configuration
SAST, SCA and secret gates	Run actions/checkout@3d3c42e5aac5ba805825da76410c181273ba90b1	2026-10-06T19:22:13.5451146Z [command]/usr/bin/git config --local --name-only --get-regexp core\.sshCommand
SAST, SCA and secret gates	Run actions/checkout@3d3c42e5aac5ba805825da76410c181273ba90b1	2026-10-06T19:22:13.5491104Z [command]/usr/bin/git submodule foreach --recursive sh -c "git config --local --name-only --get-regexp 'core\.sshCommand' && git config --local --unset-all 'core.sshCommand' || :"
SAST, SCA and secret gates	Run actions/checkout@3d3c42e5aac5ba805825da76410c181273ba90b1	2026-10-06T19:22:13.5750381Z Removing HTTP extra header
SAST, SCA and secret gates	Run actions/checkout@3d3c42e5aac5ba805825da76410c181273ba90b1	2026-10-06T19:22:13.5753668Z [command]/usr/bin/git config --local --name-only --get-regexp http\.https\:\/\/github\.com\/\.extraheader
SAST, SCA and secret gates	Run actions/checkout@3d3c42e5aac5ba805825da76410c181273ba90b1	2026-10-06T19:22:13.5790877Z [command]/usr/bin/git submodule foreach --recursive sh -c "git config --local --name-only --get-regexp 'http\.https\:\/\/github\.com\/\.extraheader' && git config --local --unset-all 'http.https://github.com/.extraheader' || :"
SAST, SCA and secret gates	Run actions/checkout@3d3c42e5aac5ba805825da76410c181273ba90b1	2026-10-06T19:22:13.6015510Z Removing includeIf entries pointing to credentials config files
SAST, SCA and secret gates	Run actions/checkout@3d3c42e5aac5ba805825da76410c181273ba90b1	2026-10-06T19:22:13.6018609Z [command]/usr/bin/git config --local --name-only --get-regexp ^includeIf\.gitdir:
SAST, SCA and secret gates	Run actions/checkout@3d3c42e5aac5ba805825da76410c181273ba90b1	2026-10-06T19:22:13.6050588Z includeif.gitdir:/home/runner/work/devops-devsecops-demo/devops-devsecops-demo/.git.path
SAST, SCA and secret gates	Run actions/checkout@3d3c42e5aac5ba805825da76410c181273ba90b1	2026-10-06T19:22:13.6054336Z includeif.gitdir:/home/runner/work/devops-devsecops-demo/devops-devsecops-demo/.git/worktrees/*.path
SAST, SCA and secret gates	Run actions/checkout@3d3c42e5aac5ba805825da76410c181273ba90b1	2026-10-06T19:22:13.6056939Z includeif.gitdir:/github/workspace/.git.path
SAST, SCA and secret gates	Run actions/checkout@3d3c42e5aac5ba805825da76410c181273ba90b1	2026-10-06T19:22:13.6059471Z includeif.gitdir:/github/workspace/.git/worktrees/*.path
SAST, SCA and secret gates	Run actions/checkout@3d3c42e5aac5ba805825da76410c181273ba90b1	2026-10-06T19:22:13.6063945Z [command]/usr/bin/git config --local --get-all includeif.gitdir:/home/runner/work/devops-devsecops-demo/devops-devsecops-demo/.git.path
SAST, SCA and secret gates	Run actions/checkout@3d3c42e5aac5ba805825da76410c181273ba90b1	2026-10-06T19:22:13.6086823Z /home/runner/work/_temp/git-credentials-d1ed941e-729f-475f-b1da-0884c70d014f.config
SAST, SCA and secret gates	Run actions/checkout@3d3c42e5aac5ba805825da76410c181273ba90b1	2026-10-06T19:22:13.6101696Z [command]/usr/bin/git config --local --unset includeif.gitdir:/home/runner/work/devops-devsecops-demo/devops-devsecops-demo/.git.path \/home\/runner\/work\/_temp\/git\-credentials\-d1ed941e\-729f\-475f\-b1da\-0884c70d014f\.config
SAST, SCA and secret gates	Run actions/checkout@3d3c42e5aac5ba805825da76410c181273ba90b1	2026-10-06T19:22:13.6161616Z [command]/usr/bin/git config --local --get-all includeif.gitdir:/home/runner/work/devops-devsecops-demo/devops-devsecops-demo/.git/worktrees/*.path
SAST, SCA and secret gates	Run actions/checkout@3d3c42e5aac5ba805825da76410c181273ba90b1	2026-10-06T19:22:13.6194000Z /home/runner/work/_temp/git-credentials-d1ed941e-729f-475f-b1da-0884c70d014f.config
SAST, SCA and secret gates	Run actions/checkout@3d3c42e5aac5ba805825da76410c181273ba90b1	2026-10-06T19:22:13.6206817Z [command]/usr/bin/git config --local --unset includeif.gitdir:/home/runner/work/devops-devsecops-demo/devops-devsecops-demo/.git/worktrees/*.path \/home\/runner\/work\/_temp\/git\-credentials\-d1ed941e\-729f\-475f\-b1da\-0884c70d014f\.config
SAST, SCA and secret gates	Run actions/checkout@3d3c42e5aac5ba805825da76410c181273ba90b1	2026-10-06T19:22:13.6249863Z [command]/usr/bin/git config --local --get-all includeif.gitdir:/github/workspace/.git.path
SAST, SCA and secret gates	Run actions/checkout@3d3c42e5aac5ba805825da76410c181273ba90b1	2026-10-06T19:22:13.6279685Z /github/runner_temp/git-credentials-d1ed941e-729f-475f-b1da-0884c70d014f.config
SAST, SCA and secret gates	Run actions/checkout@3d3c42e5aac5ba805825da76410c181273ba90b1	2026-10-06T19:22:13.6291074Z [command]/usr/bin/git config --local --unset includeif.gitdir:/github/workspace/.git.path \/github\/runner_temp\/git\-credentials\-d1ed941e\-729f\-475f\-b1da\-0884c70d014f\.config
SAST, SCA and secret gates	Run actions/checkout@3d3c42e5aac5ba805825da76410c181273ba90b1	2026-10-06T19:22:13.6327647Z [command]/usr/bin/git config --local --get-all includeif.gitdir:/github/workspace/.git/worktrees/*.path
SAST, SCA and secret gates	Run actions/checkout@3d3c42e5aac5ba805825da76410c181273ba90b1	2026-10-06T19:22:13.6352814Z /github/runner_temp/git-credentials-d1ed941e-729f-475f-b1da-0884c70d014f.config
SAST, SCA and secret gates	Run actions/checkout@3d3c42e5aac5ba805825da76410c181273ba90b1	2026-10-06T19:22:13.6361203Z [command]/usr/bin/git config --local --unset includeif.gitdir:/github/workspace/.git/worktrees/*.path \/github\/runner_temp\/git\-credentials\-d1ed941e\-729f\-475f\-b1da\-0884c70d014f\.config
SAST, SCA and secret gates	Run actions/checkout@3d3c42e5aac5ba805825da76410c181273ba90b1	2026-10-06T19:22:13.6398068Z [command]/usr/bin/git submodule foreach --recursive git config --local --show-origin --name-only --get-regexp remote.origin.url
SAST, SCA and secret gates	Run actions/checkout@3d3c42e5aac5ba805825da76410c181273ba90b1	2026-10-06T19:22:13.6622061Z Removing credentials config '/home/runner/work/_temp/git-credentials-d1ed941e-729f-475f-b1da-0884c70d014f.config'
SAST, SCA and secret gates	Run actions/checkout@3d3c42e5aac5ba805825da76410c181273ba90b1	2026-10-06T19:22:13.6631139Z ##[endgroup]
SAST, SCA and secret gates	Run actions/setup-go@b7ad1dad31e06c5925ef5d2fc7ad053ef454303e	﻿2026-10-06T19:22:13.7033011Z ##[group]Run actions/setup-go@b7ad1dad31e06c5925ef5d2fc7ad053ef454303e
SAST, SCA and secret gates	Run actions/setup-go@b7ad1dad31e06c5925ef5d2fc7ad053ef454303e	2026-10-06T19:22:13.7034670Z with:
SAST, SCA and secret gates	Run actions/setup-go@b7ad1dad31e06c5925ef5d2fc7ad053ef454303e	2026-10-06T19:22:13.7035541Z   go-version-file: go.mod
SAST, SCA and secret gates	Run actions/setup-go@b7ad1dad31e06c5925ef5d2fc7ad053ef454303e	2026-10-06T19:22:13.7036554Z   cache: false
SAST, SCA and secret gates	Run actions/setup-go@b7ad1dad31e06c5925ef5d2fc7ad053ef454303e	2026-10-06T19:22:13.7037477Z   check-latest: false
SAST, SCA and secret gates	Run actions/setup-go@b7ad1dad31e06c5925ef5d2fc7ad053ef454303e	2026-10-06T19:22:13.7046918Z   token: ***
SAST, SCA and secret gates	Run actions/setup-go@b7ad1dad31e06c5925ef5d2fc7ad053ef454303e	2026-10-06T19:22:13.7047815Z ##[endgroup]
SAST, SCA and secret gates	Run actions/setup-go@b7ad1dad31e06c5925ef5d2fc7ad053ef454303e	2026-10-06T19:22:13.8217373Z Setup go version spec 1.27.1
SAST, SCA and secret gates	Run actions/setup-go@b7ad1dad31e06c5925ef5d2fc7ad053ef454303e	2026-10-06T19:22:13.8227143Z Attempting to download 1.27.1...
SAST, SCA and secret gates	Run actions/setup-go@b7ad1dad31e06c5925ef5d2fc7ad053ef454303e	2026-10-06T19:22:14.4224786Z matching 1.27.1...
SAST, SCA and secret gates	Run actions/setup-go@b7ad1dad31e06c5925ef5d2fc7ad053ef454303e	2026-10-06T19:22:14.4248937Z Acquiring 1.27.1 from https://github.com/actions/go-versions/releases/download/1.27.1-33583469715/go-1.27.1-linux-x64.tar.gz
SAST, SCA and secret gates	Run actions/setup-go@b7ad1dad31e06c5925ef5d2fc7ad053ef454303e	2026-10-06T19:22:15.0491915Z Extracting Go...
SAST, SCA and secret gates	Run actions/setup-go@b7ad1dad31e06c5925ef5d2fc7ad053ef454303e	2026-10-06T19:22:15.0627553Z [command]/usr/bin/tar xz --warning=no-unknown-keyword --overwrite -C /home/runner/work/_temp/376c7f67-8475-4222-9f56-d23e65ff255c -f /home/runner/work/_temp/52787931-cb0b-4660-852c-9b012d91fe7a
SAST, SCA and secret gates	Run actions/setup-go@b7ad1dad31e06c5925ef5d2fc7ad053ef454303e	2026-10-06T19:22:16.8176985Z Successfully extracted go to /home/runner/work/_temp/376c7f67-8475-4222-9f56-d23e65ff255c
SAST, SCA and secret gates	Run actions/setup-go@b7ad1dad31e06c5925ef5d2fc7ad053ef454303e	2026-10-06T19:22:16.8177837Z Adding to the cache ...
SAST, SCA and secret gates	Run actions/setup-go@b7ad1dad31e06c5925ef5d2fc7ad053ef454303e	2026-10-06T19:22:23.8412298Z Successfully cached go to /opt/hostedtoolcache/go/1.27.1/x64
SAST, SCA and secret gates	Run actions/setup-go@b7ad1dad31e06c5925ef5d2fc7ad053ef454303e	2026-10-06T19:22:23.8414860Z Added go to the path
SAST, SCA and secret gates	Run actions/setup-go@b7ad1dad31e06c5925ef5d2fc7ad053ef454303e	2026-10-06T19:22:23.8417467Z Successfully set up Go version 1.27.1
SAST, SCA and secret gates	Run actions/setup-go@b7ad1dad31e06c5925ef5d2fc7ad053ef454303e	2026-10-06T19:22:23.8633261Z go version go1.27.1 linux/amd64
SAST, SCA and secret gates	Run actions/setup-go@b7ad1dad31e06c5925ef5d2fc7ad053ef454303e	2026-10-06T19:22:23.8633534Z 
SAST, SCA and secret gates	Run actions/setup-go@b7ad1dad31e06c5925ef5d2fc7ad053ef454303e	2026-10-06T19:22:23.8633843Z ##[group]go env
SAST, SCA and secret gates	Run actions/setup-go@b7ad1dad31e06c5925ef5d2fc7ad053ef454303e	2026-10-06T19:22:24.0505302Z AR='ar'
SAST, SCA and secret gates	Run actions/setup-go@b7ad1dad31e06c5925ef5d2fc7ad053ef454303e	2026-10-06T19:22:24.0505748Z CC='gcc'
SAST, SCA and secret gates	Run actions/setup-go@b7ad1dad31e06c5925ef5d2fc7ad053ef454303e	2026-10-06T19:22:24.0506120Z CGO_CFLAGS='-O2 -g'
SAST, SCA and secret gates	Run actions/setup-go@b7ad1dad31e06c5925ef5d2fc7ad053ef454303e	2026-10-06T19:22:24.0506494Z CGO_CPPFLAGS=''
SAST, SCA and secret gates	Run actions/setup-go@b7ad1dad31e06c5925ef5d2fc7ad053ef454303e	2026-10-06T19:22:24.0506846Z CGO_CXXFLAGS='-O2 -g'
SAST, SCA and secret gates	Run actions/setup-go@b7ad1dad31e06c5925ef5d2fc7ad053ef454303e	2026-10-06T19:22:24.0507273Z CGO_ENABLED='1'
SAST, SCA and secret gates	Run actions/setup-go@b7ad1dad31e06c5925ef5d2fc7ad053ef454303e	2026-10-06T19:22:24.0507647Z CGO_FFLAGS='-O2 -g'
SAST, SCA and secret gates	Run actions/setup-go@b7ad1dad31e06c5925ef5d2fc7ad053ef454303e	2026-10-06T19:22:24.0508054Z CGO_LDFLAGS='-O2 -g'
SAST, SCA and secret gates	Run actions/setup-go@b7ad1dad31e06c5925ef5d2fc7ad053ef454303e	2026-10-06T19:22:24.0508765Z CXX='g++'
SAST, SCA and secret gates	Run actions/setup-go@b7ad1dad31e06c5925ef5d2fc7ad053ef454303e	2026-10-06T19:22:24.0509121Z GCCGO='gccgo'
SAST, SCA and secret gates	Run actions/setup-go@b7ad1dad31e06c5925ef5d2fc7ad053ef454303e	2026-10-06T19:22:24.0509483Z GO111MODULE=''
SAST, SCA and secret gates	Run actions/setup-go@b7ad1dad31e06c5925ef5d2fc7ad053ef454303e	2026-10-06T19:22:24.0509810Z GOAMD64='v1'
SAST, SCA and secret gates	Run actions/setup-go@b7ad1dad31e06c5925ef5d2fc7ad053ef454303e	2026-10-06T19:22:24.0510126Z GOARCH='amd64'
SAST, SCA and secret gates	Run actions/setup-go@b7ad1dad31e06c5925ef5d2fc7ad053ef454303e	2026-10-06T19:22:24.0510554Z GOAUTH='netrc'
SAST, SCA and secret gates	Run actions/setup-go@b7ad1dad31e06c5925ef5d2fc7ad053ef454303e	2026-10-06T19:22:24.0510923Z GOBIN='/home/runner/go/bin'
SAST, SCA and secret gates	Run actions/setup-go@b7ad1dad31e06c5925ef5d2fc7ad053ef454303e	2026-10-06T19:22:24.0511393Z GOCACHE='/home/runner/.cache/go-build'
SAST, SCA and secret gates	Run actions/setup-go@b7ad1dad31e06c5925ef5d2fc7ad053ef454303e	2026-10-06T19:22:24.0511883Z GOCACHEPROG=''
SAST, SCA and secret gates	Run actions/setup-go@b7ad1dad31e06c5925ef5d2fc7ad053ef454303e	2026-10-06T19:22:24.0512201Z GODEBUG=''
SAST, SCA and secret gates	Run actions/setup-go@b7ad1dad31e06c5925ef5d2fc7ad053ef454303e	2026-10-06T19:22:24.0512571Z GOENV='/home/runner/.config/go/env'
SAST, SCA and secret gates	Run actions/setup-go@b7ad1dad31e06c5925ef5d2fc7ad053ef454303e	2026-10-06T19:22:24.0513101Z GOEXE=''
SAST, SCA and secret gates	Run actions/setup-go@b7ad1dad31e06c5925ef5d2fc7ad053ef454303e	2026-10-06T19:22:24.0513438Z GOEXPERIMENT=''
SAST, SCA and secret gates	Run actions/setup-go@b7ad1dad31e06c5925ef5d2fc7ad053ef454303e	2026-10-06T19:22:24.0513836Z GOFIPS140='off'
SAST, SCA and secret gates	Run actions/setup-go@b7ad1dad31e06c5925ef5d2fc7ad053ef454303e	2026-10-06T19:22:24.0514497Z GOFLAGS=''
SAST, SCA and secret gates	Run actions/setup-go@b7ad1dad31e06c5925ef5d2fc7ad053ef454303e	2026-10-06T19:22:24.0515609Z GOGCCFLAGS='-fPIC -m64 -pthread -Wl,--no-gc-sections -fmessage-length=0 -ffile-prefix-map=/tmp/go-build737764312=/tmp/go-build -gno-record-gcc-switches'
SAST, SCA and secret gates	Run actions/setup-go@b7ad1dad31e06c5925ef5d2fc7ad053ef454303e	2026-10-06T19:22:24.0516748Z GOHOSTARCH='amd64'
SAST, SCA and secret gates	Run actions/setup-go@b7ad1dad31e06c5925ef5d2fc7ad053ef454303e	2026-10-06T19:22:24.0517096Z GOHOSTOS='linux'
SAST, SCA and secret gates	Run actions/setup-go@b7ad1dad31e06c5925ef5d2fc7ad053ef454303e	2026-10-06T19:22:24.0517432Z GOINSECURE=''
SAST, SCA and secret gates	Run actions/setup-go@b7ad1dad31e06c5925ef5d2fc7ad053ef454303e	2026-10-06T19:22:24.0518057Z GOMOD='/home/runner/work/devops-devsecops-demo/devops-devsecops-demo/go.mod'
SAST, SCA and secret gates	Run actions/setup-go@b7ad1dad31e06c5925ef5d2fc7ad053ef454303e	2026-10-06T19:22:24.0519020Z GOMODCACHE='/home/runner/go/pkg/mod'
SAST, SCA and secret gates	Run actions/setup-go@b7ad1dad31e06c5925ef5d2fc7ad053ef454303e	2026-10-06T19:22:24.0519455Z GONOPROXY=''
SAST, SCA and secret gates	Run actions/setup-go@b7ad1dad31e06c5925ef5d2fc7ad053ef454303e	2026-10-06T19:22:24.0519767Z GONOSUMDB=''
SAST, SCA and secret gates	Run actions/setup-go@b7ad1dad31e06c5925ef5d2fc7ad053ef454303e	2026-10-06T19:22:24.0520080Z GOOS='linux'
SAST, SCA and secret gates	Run actions/setup-go@b7ad1dad31e06c5925ef5d2fc7ad053ef454303e	2026-10-06T19:22:24.0520405Z GOPACKAGESDRIVER=''
SAST, SCA and secret gates	Run actions/setup-go@b7ad1dad31e06c5925ef5d2fc7ad053ef454303e	2026-10-06T19:22:24.0520758Z GOPATH='/home/runner/go'
SAST, SCA and secret gates	Run actions/setup-go@b7ad1dad31e06c5925ef5d2fc7ad053ef454303e	2026-10-06T19:22:24.0521128Z GOPRIVATE=''
SAST, SCA and secret gates	Run actions/setup-go@b7ad1dad31e06c5925ef5d2fc7ad053ef454303e	2026-10-06T19:22:24.0521543Z GOPROXY='https://proxy.golang.org,direct'
SAST, SCA and secret gates	Run actions/setup-go@b7ad1dad31e06c5925ef5d2fc7ad053ef454303e	2026-10-06T19:22:24.0522078Z GOROOT='/opt/hostedtoolcache/go/1.27.1/x64'
SAST, SCA and secret gates	Run actions/setup-go@b7ad1dad31e06c5925ef5d2fc7ad053ef454303e	2026-10-06T19:22:24.0522550Z GOSUMDB='sum.golang.org'
SAST, SCA and secret gates	Run actions/setup-go@b7ad1dad31e06c5925ef5d2fc7ad053ef454303e	2026-10-06T19:22:24.0522915Z GOTELEMETRY='local'
SAST, SCA and secret gates	Run actions/setup-go@b7ad1dad31e06c5925ef5d2fc7ad053ef454303e	2026-10-06T19:22:24.0523350Z GOTELEMETRYDIR='/home/runner/.config/go/telemetry'
SAST, SCA and secret gates	Run actions/setup-go@b7ad1dad31e06c5925ef5d2fc7ad053ef454303e	2026-10-06T19:22:24.0523824Z GOTMPDIR=''
SAST, SCA and secret gates	Run actions/setup-go@b7ad1dad31e06c5925ef5d2fc7ad053ef454303e	2026-10-06T19:22:24.0524128Z GOTOOLCHAIN='local'
SAST, SCA and secret gates	Run actions/setup-go@b7ad1dad31e06c5925ef5d2fc7ad053ef454303e	2026-10-06T19:22:24.0524649Z GOTOOLDIR='/opt/hostedtoolcache/go/1.27.1/x64/pkg/tool/linux_amd64'
SAST, SCA and secret gates	Run actions/setup-go@b7ad1dad31e06c5925ef5d2fc7ad053ef454303e	2026-10-06T19:22:24.0525255Z GOVCS=''
SAST, SCA and secret gates	Run actions/setup-go@b7ad1dad31e06c5925ef5d2fc7ad053ef454303e	2026-10-06T19:22:24.0525579Z GOVERSION='go1.27.1'
SAST, SCA and secret gates	Run actions/setup-go@b7ad1dad31e06c5925ef5d2fc7ad053ef454303e	2026-10-06T19:22:24.0525993Z GOWORK=''
SAST, SCA and secret gates	Run actions/setup-go@b7ad1dad31e06c5925ef5d2fc7ad053ef454303e	2026-10-06T19:22:24.0526338Z PKG_CONFIG='pkg-config'
SAST, SCA and secret gates	Run actions/setup-go@b7ad1dad31e06c5925ef5d2fc7ad053ef454303e	2026-10-06T19:22:24.0526642Z 
SAST, SCA and secret gates	Run actions/setup-go@b7ad1dad31e06c5925ef5d2fc7ad053ef454303e	2026-10-06T19:22:24.0527302Z ##[endgroup]
SAST, SCA and secret gates	Install pinned scanners	﻿2026-10-06T19:22:24.0696292Z ##[group]Run python3 scripts/install-tools.py gosec gitleaks
SAST, SCA and secret gates	Install pinned scanners	2026-10-06T19:22:24.0696854Z ^[[36;1mpython3 scripts/install-tools.py gosec gitleaks^[[0m
SAST, SCA and secret gates	Install pinned scanners	2026-10-06T19:22:24.0697246Z ^[[36;1mecho "$PWD/.tools/bin" >> "$GITHUB_PATH"^[[0m
SAST, SCA and secret gates	Install pinned scanners	2026-10-06T19:22:24.0697701Z ^[[36;1mGOBIN="$PWD/.tools/bin" go install golang.org/x/vuln/cmd/govulncheck@v1.8.0^[[0m
SAST, SCA and secret gates	Install pinned scanners	2026-10-06T19:22:24.0978112Z shell: /usr/bin/bash --noprofile --norc -e -o pipefail {0}
SAST, SCA and secret gates	Install pinned scanners	2026-10-06T19:22:24.0978904Z env:
SAST, SCA and secret gates	Install pinned scanners	2026-10-06T19:22:24.0979182Z   GOTOOLCHAIN: local
SAST, SCA and secret gates	Install pinned scanners	2026-10-06T19:22:24.0979462Z ##[endgroup]
SAST, SCA and secret gates	Install pinned scanners	2026-10-06T19:22:24.9429837Z Installed gosec v2.29.0; SHA256 verified
SAST, SCA and secret gates	Install pinned scanners	2026-10-06T19:22:25.2419270Z Installed gitleaks v8.30.1; SHA256 verified
SAST, SCA and secret gates	Install pinned scanners	2026-10-06T19:22:25.3128852Z go: downloading golang.org/x/vuln v1.8.0
SAST, SCA and secret gates	Install pinned scanners	2026-10-06T19:22:25.4295715Z go: downloading golang.org/x/telemetry v0.0.0-20260908163034-4bcc4b2ee518
SAST, SCA and secret gates	Install pinned scanners	2026-10-06T19:22:25.4848121Z go: downloading golang.org/x/mod v0.41.0
SAST, SCA and secret gates	Install pinned scanners	2026-10-06T19:22:25.4854322Z go: downloading golang.org/x/tools v0.50.0
SAST, SCA and secret gates	Install pinned scanners	2026-10-06T19:22:25.5895749Z go: downloading golang.org/x/sync v0.23.0
SAST, SCA and secret gates	SAST — reject medium and high findings	﻿2026-10-06T19:22:42.8782579Z ##[group]Run mkdir -p reports
SAST, SCA and secret gates	SAST — reject medium and high findings	2026-10-06T19:22:42.8782926Z ^[[36;1mmkdir -p reports^[[0m
SAST, SCA and secret gates	SAST — reject medium and high findings	2026-10-06T19:22:42.8783353Z ^[[36;1mgosec -severity medium -confidence medium -fmt json -out reports/gosec.json ./...^[[0m
SAST, SCA and secret gates	SAST — reject medium and high findings	2026-10-06T19:22:42.8847170Z shell: /usr/bin/bash --noprofile --norc -e -o pipefail {0}
SAST, SCA and secret gates	SAST — reject medium and high findings	2026-10-06T19:22:42.8847535Z env:
SAST, SCA and secret gates	SAST — reject medium and high findings	2026-10-06T19:22:42.8847858Z   GOTOOLCHAIN: local
SAST, SCA and secret gates	SAST — reject medium and high findings	2026-10-06T19:22:42.8848139Z ##[endgroup]
SAST, SCA and secret gates	SAST — reject medium and high findings	2026-10-06T19:22:42.9322555Z [gosec] 2026/10/06 19:22:42 Including rules: default
SAST, SCA and secret gates	SAST — reject medium and high findings	2026-10-06T19:22:42.9323136Z [gosec] 2026/10/06 19:22:42 Excluding rules: default
SAST, SCA and secret gates	SAST — reject medium and high findings	2026-10-06T19:22:42.9323521Z [gosec] 2026/10/06 19:22:42 Including analyzers: default
SAST, SCA and secret gates	SAST — reject medium and high findings	2026-10-06T19:22:42.9323890Z [gosec] 2026/10/06 19:22:42 Excluding analyzers: default
SAST, SCA and secret gates	SAST — reject medium and high findings	2026-10-06T19:22:42.9336991Z [gosec] 2026/10/06 19:22:42 Import directory: /home/runner/work/devops-devsecops-demo/devops-devsecops-demo/internal/api
SAST, SCA and secret gates	SAST — reject medium and high findings	2026-10-06T19:22:42.9338738Z [gosec] 2026/10/06 19:22:42 Import directory: /home/runner/work/devops-devsecops-demo/devops-devsecops-demo/cmd/server
SAST, SCA and secret gates	SAST — reject medium and high findings	2026-10-06T19:22:43.3931455Z [gosec] 2026/10/06 19:22:43 Checking package: api
SAST, SCA and secret gates	SAST — reject medium and high findings	2026-10-06T19:22:43.3933014Z [gosec] 2026/10/06 19:22:43 Checking file: /home/runner/work/devops-devsecops-demo/devops-devsecops-demo/internal/api/api.go
SAST, SCA and secret gates	SAST — reject medium and high findings	2026-10-06T19:22:43.4010759Z [gosec] 2026/10/06 19:22:43 Checking file: /home/runner/work/devops-devsecops-demo/devops-devsecops-demo/internal/api/json.go
SAST, SCA and secret gates	SAST — reject medium and high findings	2026-10-06T19:22:43.4090346Z [gosec] 2026/10/06 19:22:43 Checking package: main
SAST, SCA and secret gates	SAST — reject medium and high findings	2026-10-06T19:22:43.4092472Z [gosec] 2026/10/06 19:22:43 Checking file: /home/runner/work/devops-devsecops-demo/devops-devsecops-demo/cmd/server/main.go
SAST, SCA and secret gates	SCA — check module and standard-library dependencies	﻿2026-10-06T19:22:43.4166888Z ##[group]Run govulncheck -show verbose ./... | tee reports/govulncheck.txt
SAST, SCA and secret gates	SCA — check module and standard-library dependencies	2026-10-06T19:22:43.4167468Z ^[[36;1mgovulncheck -show verbose ./... | tee reports/govulncheck.txt^[[0m
SAST, SCA and secret gates	SCA — check module and standard-library dependencies	2026-10-06T19:22:43.4230570Z shell: /usr/bin/bash --noprofile --norc -e -o pipefail {0}
SAST, SCA and secret gates	SCA — check module and standard-library dependencies	2026-10-06T19:22:43.4230934Z env:
SAST, SCA and secret gates	SCA — check module and standard-library dependencies	2026-10-06T19:22:43.4231128Z   GOTOOLCHAIN: local
SAST, SCA and secret gates	SCA — check module and standard-library dependencies	2026-10-06T19:22:43.4231349Z ##[endgroup]
SAST, SCA and secret gates	SCA — check module and standard-library dependencies	2026-10-06T19:22:44.6022367Z Fetching vulnerabilities from the database...
SAST, SCA and secret gates	SCA — check module and standard-library dependencies	2026-10-06T19:22:44.6023157Z 
SAST, SCA and secret gates	SCA — check module and standard-library dependencies	2026-10-06T19:22:45.0683235Z Checking the code against the vulnerabilities...
SAST, SCA and secret gates	SCA — check module and standard-library dependencies	2026-10-06T19:22:45.0685446Z 
SAST, SCA and secret gates	SCA — check module and standard-library dependencies	2026-10-06T19:22:45.0686035Z The package pattern matched the following 2 root packages:
SAST, SCA and secret gates	SCA — check module and standard-library dependencies	2026-10-06T19:22:45.0686930Z   github.com/vimalyad/devops-devsecops-demo/internal/api
SAST, SCA and secret gates	SCA — check module and standard-library dependencies	2026-10-06T19:22:45.0687828Z   github.com/vimalyad/devops-devsecops-demo/cmd/server
SAST, SCA and secret gates	SCA — check module and standard-library dependencies	2026-10-06T19:22:45.0689009Z Govulncheck scanned the following 2 modules and the go1.27.1 standard library:
SAST, SCA and secret gates	SCA — check module and standard-library dependencies	2026-10-06T19:22:45.0689913Z   github.com/vimalyad/devops-devsecops-demo
SAST, SCA and secret gates	SCA — check module and standard-library dependencies	2026-10-06T19:22:45.0690586Z   github.com/google/uuid@v1.6.0
SAST, SCA and secret gates	SCA — check module and standard-library dependencies	2026-10-06T19:22:45.0690895Z 
SAST, SCA and secret gates	SCA — check module and standard-library dependencies	2026-10-06T19:22:45.0691091Z No vulnerabilities found.
SAST, SCA and secret gates	Secret scan — inspect Git history	﻿2026-10-06T19:22:45.0771504Z ##[group]Run gitleaks git --redact --report-format json --report-path reports/gitleaks.json .
SAST, SCA and secret gates	Secret scan — inspect Git history	2026-10-06T19:22:45.0772224Z ^[[36;1mgitleaks git --redact --report-format json --report-path reports/gitleaks.json .^[[0m
SAST, SCA and secret gates	Secret scan — inspect Git history	2026-10-06T19:22:45.0836153Z shell: /usr/bin/bash --noprofile --norc -e -o pipefail {0}
SAST, SCA and secret gates	Secret scan — inspect Git history	2026-10-06T19:22:45.0836539Z env:
SAST, SCA and secret gates	Secret scan — inspect Git history	2026-10-06T19:22:45.0836739Z   GOTOOLCHAIN: local
SAST, SCA and secret gates	Secret scan — inspect Git history	2026-10-06T19:22:45.0836965Z ##[endgroup]
SAST, SCA and secret gates	Secret scan — inspect Git history	2026-10-06T19:22:45.3764005Z 
SAST, SCA and secret gates	Secret scan — inspect Git history	2026-10-06T19:22:45.3764913Z     ○
SAST, SCA and secret gates	Secret scan — inspect Git history	2026-10-06T19:22:45.3765434Z     │╲
SAST, SCA and secret gates	Secret scan — inspect Git history	2026-10-06T19:22:45.3765838Z     │ ○
SAST, SCA and secret gates	Secret scan — inspect Git history	2026-10-06T19:22:45.3766195Z     ○ ░
SAST, SCA and secret gates	Secret scan — inspect Git history	2026-10-06T19:22:45.3766583Z     ░    gitleaks
SAST, SCA and secret gates	Secret scan — inspect Git history	2026-10-06T19:22:45.3766811Z 
SAST, SCA and secret gates	Secret scan — inspect Git history	2026-10-06T19:22:45.5436423Z ^[[90m7:22PM^[[0m ^[[32mINF^[[0m ^[[1m2 commits scanned.^[[0m
SAST, SCA and secret gates	Secret scan — inspect Git history	2026-10-06T19:22:45.5437450Z ^[[90m7:22PM^[[0m ^[[32mINF^[[0m ^[[1mscanned ~30177 bytes (30.18 KB) in 167ms^[[0m
SAST, SCA and secret gates	Secret scan — inspect Git history	2026-10-06T19:22:45.5438057Z ^[[90m7:22PM^[[0m ^[[32mINF^[[0m ^[[1mno leaks found^[[0m
SAST, SCA and secret gates	Save security-reports	﻿2026-10-06T19:22:45.5520775Z ##[group]Run actions/upload-artifact@043fb46d1a93c77aae656e7c1c64a875d1fc6a0a
SAST, SCA and secret gates	Save security-reports	2026-10-06T19:22:45.5521213Z with:
SAST, SCA and secret gates	Save security-reports	2026-10-06T19:22:45.5521415Z   name: security-reports
SAST, SCA and secret gates	Save security-reports	2026-10-06T19:22:45.5521652Z   path: reports/
SAST, SCA and secret gates	Save security-reports	2026-10-06T19:22:45.5521863Z   if-no-files-found: error
SAST, SCA and secret gates	Save security-reports	2026-10-06T19:22:45.5522094Z   retention-days: 14
SAST, SCA and secret gates	Save security-reports	2026-10-06T19:22:45.5522308Z   compression-level: 6
SAST, SCA and secret gates	Save security-reports	2026-10-06T19:22:45.5522516Z   overwrite: false
SAST, SCA and secret gates	Save security-reports	2026-10-06T19:22:45.5522734Z   include-hidden-files: false
SAST, SCA and secret gates	Save security-reports	2026-10-06T19:22:45.5522974Z   archive: true
SAST, SCA and secret gates	Save security-reports	2026-10-06T19:22:45.5523160Z env:
SAST, SCA and secret gates	Save security-reports	2026-10-06T19:22:45.5523359Z   GOTOOLCHAIN: local
SAST, SCA and secret gates	Save security-reports	2026-10-06T19:22:45.5523558Z ##[endgroup]
SAST, SCA and secret gates	Save security-reports	2026-10-06T19:22:45.6979375Z With the provided path, there will be 3 files uploaded
SAST, SCA and secret gates	Save security-reports	2026-10-06T19:22:45.6998249Z Artifact name is valid!
SAST, SCA and secret gates	Save security-reports	2026-10-06T19:22:45.6999080Z Root directory input is valid!
SAST, SCA and secret gates	Save security-reports	2026-10-06T19:22:46.1045163Z Uploading artifact: security-reports.zip
SAST, SCA and secret gates	Save security-reports	2026-10-06T19:22:46.1126764Z Beginning upload of artifact content to blob storage
SAST, SCA and secret gates	Save security-reports	2026-10-06T19:22:46.4558404Z Uploaded bytes 712
SAST, SCA and secret gates	Save security-reports	2026-10-06T19:22:46.5396612Z Finished uploading artifact content to blob storage!
SAST, SCA and secret gates	Save security-reports	2026-10-06T19:22:46.5397957Z SHA256 digest of uploaded artifact is e7ff28a6c95016ecc4ac6035e2f5f970c95ca7e359e06fd20c4c1ed8ebcc6fe2
SAST, SCA and secret gates	Save security-reports	2026-10-06T19:22:46.5399086Z Finalizing artifact upload
SAST, SCA and secret gates	Save security-reports	2026-10-06T19:22:47.0409747Z Artifact security-reports successfully finalized. Artifact ID 11437792743
SAST, SCA and secret gates	Save security-reports	2026-10-06T19:22:47.0410942Z Artifact security-reports has been successfully uploaded! Final size is 712 bytes. Artifact ID is 11437792743
SAST, SCA and secret gates	Save security-reports	2026-10-06T19:22:47.0415430Z Artifact download URL: https://github.com/vimalyad/devops-devsecops-demo/actions/runs/37518286603/artifacts/11437792743
SAST, SCA and secret gates	Post Run actions/setup-go@b7ad1dad31e06c5925ef5d2fc7ad053ef454303e	﻿2026-10-06T19:22:47.0574822Z Post job cleanup.
SAST, SCA and secret gates	Post Run actions/checkout@3d3c42e5aac5ba805825da76410c181273ba90b1	﻿2026-10-06T19:22:47.1873116Z Post job cleanup.
SAST, SCA and secret gates	Post Run actions/checkout@3d3c42e5aac5ba805825da76410c181273ba90b1	2026-10-06T19:22:47.2786115Z [command]/usr/bin/git version
SAST, SCA and secret gates	Post Run actions/checkout@3d3c42e5aac5ba805825da76410c181273ba90b1	2026-10-06T19:22:47.2852594Z git version 2.55.0
SAST, SCA and secret gates	Post Run actions/checkout@3d3c42e5aac5ba805825da76410c181273ba90b1	2026-10-06T19:22:47.2910304Z Temporarily overriding HOME='/home/runner/work/_temp/d545d5c3-f31d-44a2-aaaf-e6bb0a8066f7' before making global git config changes
SAST, SCA and secret gates	Post Run actions/checkout@3d3c42e5aac5ba805825da76410c181273ba90b1	2026-10-06T19:22:47.2911880Z Adding repository directory to the temporary git global config as a safe directory
SAST, SCA and secret gates	Post Run actions/checkout@3d3c42e5aac5ba805825da76410c181273ba90b1	2026-10-06T19:22:47.2917913Z [command]/usr/bin/git config --global --add safe.directory /home/runner/work/devops-devsecops-demo/devops-devsecops-demo
SAST, SCA and secret gates	Post Run actions/checkout@3d3c42e5aac5ba805825da76410c181273ba90b1	2026-10-06T19:22:47.2989953Z Removing SSH command configuration
SAST, SCA and secret gates	Post Run actions/checkout@3d3c42e5aac5ba805825da76410c181273ba90b1	2026-10-06T19:22:47.2991087Z [command]/usr/bin/git config --local --name-only --get-regexp core\.sshCommand
SAST, SCA and secret gates	Post Run actions/checkout@3d3c42e5aac5ba805825da76410c181273ba90b1	2026-10-06T19:22:47.3049891Z [command]/usr/bin/git submodule foreach --recursive sh -c "git config --local --name-only --get-regexp 'core\.sshCommand' && git config --local --unset-all 'core.sshCommand' || :"
SAST, SCA and secret gates	Post Run actions/checkout@3d3c42e5aac5ba805825da76410c181273ba90b1	2026-10-06T19:22:47.3389881Z Removing HTTP extra header
SAST, SCA and secret gates	Post Run actions/checkout@3d3c42e5aac5ba805825da76410c181273ba90b1	2026-10-06T19:22:47.3390833Z [command]/usr/bin/git config --local --name-only --get-regexp http\.https\:\/\/github\.com\/\.extraheader
SAST, SCA and secret gates	Post Run actions/checkout@3d3c42e5aac5ba805825da76410c181273ba90b1	2026-10-06T19:22:47.3439573Z [command]/usr/bin/git submodule foreach --recursive sh -c "git config --local --name-only --get-regexp 'http\.https\:\/\/github\.com\/\.extraheader' && git config --local --unset-all 'http.https://github.com/.extraheader' || :"
SAST, SCA and secret gates	Post Run actions/checkout@3d3c42e5aac5ba805825da76410c181273ba90b1	2026-10-06T19:22:47.3717574Z Removing includeIf entries pointing to credentials config files
SAST, SCA and secret gates	Post Run actions/checkout@3d3c42e5aac5ba805825da76410c181273ba90b1	2026-10-06T19:22:47.3725721Z [command]/usr/bin/git config --local --name-only --get-regexp ^includeIf\.gitdir:
SAST, SCA and secret gates	Post Run actions/checkout@3d3c42e5aac5ba805825da76410c181273ba90b1	2026-10-06T19:22:47.3773353Z [command]/usr/bin/git submodule foreach --recursive git config --local --show-origin --name-only --get-regexp remote.origin.url
SAST, SCA and secret gates	Complete job	﻿2026-10-06T19:22:47.4162138Z Cleaning up orphan processes
Build and publish scanned image	Set up job	﻿2026-10-06T19:23:00.6370330Z Current runner version: '2.337.0'
Build and publish scanned image	Set up job	2026-10-06T19:23:00.6386589Z ##[group]Runner Image Provisioner
Build and publish scanned image	Set up job	2026-10-06T19:23:00.6387526Z Hosted Compute Agent
Build and publish scanned image	Set up job	2026-10-06T19:23:00.6387933Z Version: 20260901.588
Build and publish scanned image	Set up job	2026-10-06T19:23:00.6388346Z Commit: f88ec8081b781fac6c440065ac7ff9e710ce3d0b
Build and publish scanned image	Set up job	2026-10-06T19:23:00.6388863Z Build Date: 2026-09-01T19:56:44Z
Build and publish scanned image	Set up job	2026-10-06T19:23:00.6389316Z Worker ID: {4ca24129-df65-492d-a7a0-2e7c7f859b2d}
Build and publish scanned image	Set up job	2026-10-06T19:23:00.6389885Z Azure Region: centralus
Build and publish scanned image	Set up job	2026-10-06T19:23:00.6390276Z ##[endgroup]
Build and publish scanned image	Set up job	2026-10-06T19:23:00.6391261Z ##[group]Operating System
Build and publish scanned image	Set up job	2026-10-06T19:23:00.6392041Z Ubuntu
Build and publish scanned image	Set up job	2026-10-06T19:23:00.6392464Z 24.04.5
Build and publish scanned image	Set up job	2026-10-06T19:23:00.6392870Z LTS
Build and publish scanned image	Set up job	2026-10-06T19:23:00.6393229Z ##[endgroup]
Build and publish scanned image	Set up job	2026-10-06T19:23:00.6393594Z ##[group]Runner Image
Build and publish scanned image	Set up job	2026-10-06T19:23:00.6394006Z Image: ubuntu-24.04
Build and publish scanned image	Set up job	2026-10-06T19:23:00.6394403Z Version: 20260927.320.1
Build and publish scanned image	Set up job	2026-10-06T19:23:00.6395164Z Included Software: https://github.com/actions/runner-images/blob/ubuntu24/20260927.320/images/ubuntu/Ubuntu2404-Readme.md
Build and publish scanned image	Set up job	2026-10-06T19:23:00.6396336Z Image Release: https://github.com/actions/runner-images/releases/tag/ubuntu24%2F20260927.320
Build and publish scanned image	Set up job	2026-10-06T19:23:00.6397137Z ##[endgroup]
Build and publish scanned image	Set up job	2026-10-06T19:23:00.6397990Z ##[group]GITHUB_TOKEN Permissions
Build and publish scanned image	Set up job	2026-10-06T19:23:00.6399757Z Contents: read
Build and publish scanned image	Set up job	2026-10-06T19:23:00.6400165Z Metadata: read
Build and publish scanned image	Set up job	2026-10-06T19:23:00.6400552Z Packages: write
Build and publish scanned image	Set up job	2026-10-06T19:23:00.6400957Z ##[endgroup]
Build and publish scanned image	Set up job	2026-10-06T19:23:00.6402465Z Secret source: Actions
Build and publish scanned image	Set up job	2026-10-06T19:23:00.6403116Z Cache mode: write
Build and publish scanned image	Set up job	2026-10-06T19:23:00.6403574Z Prepare workflow directory
Build and publish scanned image	Set up job	2026-10-06T19:23:00.6789656Z Prepare all required actions
Build and publish scanned image	Set up job	2026-10-06T19:23:00.6825534Z Getting action download info
Build and publish scanned image	Set up job	2026-10-06T19:23:00.9409181Z Download action repository 'actions/checkout@3d3c42e5aac5ba805825da76410c181273ba90b1' (SHA:3d3c42e5aac5ba805825da76410c181273ba90b1)
Build and publish scanned image	Set up job	2026-10-06T19:23:01.0573225Z Download action repository 'actions/upload-artifact@043fb46d1a93c77aae656e7c1c64a875d1fc6a0a' (SHA:043fb46d1a93c77aae656e7c1c64a875d1fc6a0a)
Build and publish scanned image	Set up job	2026-10-06T19:23:01.2231649Z Complete job name: Build and publish scanned image
Build and publish scanned image	Run actions/checkout@3d3c42e5aac5ba805825da76410c181273ba90b1	﻿2026-10-06T19:23:01.2758792Z ##[group]Run actions/checkout@3d3c42e5aac5ba805825da76410c181273ba90b1
Build and publish scanned image	Run actions/checkout@3d3c42e5aac5ba805825da76410c181273ba90b1	2026-10-06T19:23:01.2759589Z with:
Build and publish scanned image	Run actions/checkout@3d3c42e5aac5ba805825da76410c181273ba90b1	2026-10-06T19:23:01.2760000Z   fetch-depth: 0
Build and publish scanned image	Run actions/checkout@3d3c42e5aac5ba805825da76410c181273ba90b1	2026-10-06T19:23:01.2760385Z   persist-credentials: false
Build and publish scanned image	Run actions/checkout@3d3c42e5aac5ba805825da76410c181273ba90b1	2026-10-06T19:23:01.2760825Z   repository: vimalyad/devops-devsecops-demo
Build and publish scanned image	Run actions/checkout@3d3c42e5aac5ba805825da76410c181273ba90b1	2026-10-06T19:23:01.2763582Z   token: ***
Build and publish scanned image	Run actions/checkout@3d3c42e5aac5ba805825da76410c181273ba90b1	2026-10-06T19:23:01.2763933Z   ssh-strict: true
Build and publish scanned image	Run actions/checkout@3d3c42e5aac5ba805825da76410c181273ba90b1	2026-10-06T19:23:01.2764305Z   ssh-user: git
Build and publish scanned image	Run actions/checkout@3d3c42e5aac5ba805825da76410c181273ba90b1	2026-10-06T19:23:01.2764657Z   clean: true
Build and publish scanned image	Run actions/checkout@3d3c42e5aac5ba805825da76410c181273ba90b1	2026-10-06T19:23:01.2765014Z   sparse-checkout-cone-mode: true
Build and publish scanned image	Run actions/checkout@3d3c42e5aac5ba805825da76410c181273ba90b1	2026-10-06T19:23:01.2765435Z   fetch-tags: false
Build and publish scanned image	Run actions/checkout@3d3c42e5aac5ba805825da76410c181273ba90b1	2026-10-06T19:23:01.2765832Z   show-progress: true
Build and publish scanned image	Run actions/checkout@3d3c42e5aac5ba805825da76410c181273ba90b1	2026-10-06T19:23:01.2766188Z   lfs: false
Build and publish scanned image	Run actions/checkout@3d3c42e5aac5ba805825da76410c181273ba90b1	2026-10-06T19:23:01.2766528Z   submodules: false
Build and publish scanned image	Run actions/checkout@3d3c42e5aac5ba805825da76410c181273ba90b1	2026-10-06T19:23:01.2767089Z   set-safe-directory: true
Build and publish scanned image	Run actions/checkout@3d3c42e5aac5ba805825da76410c181273ba90b1	2026-10-06T19:23:01.2767515Z   allow-unsafe-pr-checkout: false
Build and publish scanned image	Run actions/checkout@3d3c42e5aac5ba805825da76410c181273ba90b1	2026-10-06T19:23:01.2768054Z env:
Build and publish scanned image	Run actions/checkout@3d3c42e5aac5ba805825da76410c181273ba90b1	2026-10-06T19:23:01.2768592Z   IMAGE: ghcr.io/vimalyad/devops-devsecops-demo:sha-7f521b7dfc61f65934565c868cff408fb6f0a489
Build and publish scanned image	Run actions/checkout@3d3c42e5aac5ba805825da76410c181273ba90b1	2026-10-06T19:23:01.2769256Z ##[endgroup]
Build and publish scanned image	Run actions/checkout@3d3c42e5aac5ba805825da76410c181273ba90b1	2026-10-06T19:23:01.3548367Z Syncing repository: vimalyad/devops-devsecops-demo
Build and publish scanned image	Run actions/checkout@3d3c42e5aac5ba805825da76410c181273ba90b1	2026-10-06T19:23:01.3550267Z ##[group]Getting Git version info
Build and publish scanned image	Run actions/checkout@3d3c42e5aac5ba805825da76410c181273ba90b1	2026-10-06T19:23:01.3551129Z Working directory is '/home/runner/work/devops-devsecops-demo/devops-devsecops-demo'
Build and publish scanned image	Run actions/checkout@3d3c42e5aac5ba805825da76410c181273ba90b1	2026-10-06T19:23:01.3552019Z [command]/usr/bin/git version
Build and publish scanned image	Run actions/checkout@3d3c42e5aac5ba805825da76410c181273ba90b1	2026-10-06T19:23:01.3629505Z git version 2.55.0
Build and publish scanned image	Run actions/checkout@3d3c42e5aac5ba805825da76410c181273ba90b1	2026-10-06T19:23:01.3631608Z ##[endgroup]
Build and publish scanned image	Run actions/checkout@3d3c42e5aac5ba805825da76410c181273ba90b1	2026-10-06T19:23:01.3636610Z Temporarily overriding HOME='/home/runner/work/_temp/8af18212-a78c-46a5-a1e0-648396215096' before making global git config changes
Build and publish scanned image	Run actions/checkout@3d3c42e5aac5ba805825da76410c181273ba90b1	2026-10-06T19:23:01.3638375Z Adding repository directory to the temporary git global config as a safe directory
Build and publish scanned image	Run actions/checkout@3d3c42e5aac5ba805825da76410c181273ba90b1	2026-10-06T19:23:01.3639999Z [command]/usr/bin/git config --global --add safe.directory /home/runner/work/devops-devsecops-demo/devops-devsecops-demo
Build and publish scanned image	Run actions/checkout@3d3c42e5aac5ba805825da76410c181273ba90b1	2026-10-06T19:23:01.3684410Z Deleting the contents of '/home/runner/work/devops-devsecops-demo/devops-devsecops-demo'
Build and publish scanned image	Run actions/checkout@3d3c42e5aac5ba805825da76410c181273ba90b1	2026-10-06T19:23:01.3687481Z ##[group]Determining repository object format
Build and publish scanned image	Run actions/checkout@3d3c42e5aac5ba805825da76410c181273ba90b1	2026-10-06T19:23:01.3688737Z ##[endgroup]
Build and publish scanned image	Run actions/checkout@3d3c42e5aac5ba805825da76410c181273ba90b1	2026-10-06T19:23:01.3689667Z ##[group]Initializing the repository
Build and publish scanned image	Run actions/checkout@3d3c42e5aac5ba805825da76410c181273ba90b1	2026-10-06T19:23:01.3692278Z [command]/usr/bin/git init /home/runner/work/devops-devsecops-demo/devops-devsecops-demo
Build and publish scanned image	Run actions/checkout@3d3c42e5aac5ba805825da76410c181273ba90b1	2026-10-06T19:23:01.3784283Z hint: Using 'master' as the name for the initial branch. This default branch name
Build and publish scanned image	Run actions/checkout@3d3c42e5aac5ba805825da76410c181273ba90b1	2026-10-06T19:23:01.3785597Z hint: will change to "main" in Git 3.0. To configure the initial branch name
Build and publish scanned image	Run actions/checkout@3d3c42e5aac5ba805825da76410c181273ba90b1	2026-10-06T19:23:01.3786994Z hint: to use in all of your new repositories, which will suppress this warning,
Build and publish scanned image	Run actions/checkout@3d3c42e5aac5ba805825da76410c181273ba90b1	2026-10-06T19:23:01.3787883Z hint: call:
Build and publish scanned image	Run actions/checkout@3d3c42e5aac5ba805825da76410c181273ba90b1	2026-10-06T19:23:01.3788417Z hint:
Build and publish scanned image	Run actions/checkout@3d3c42e5aac5ba805825da76410c181273ba90b1	2026-10-06T19:23:01.3789217Z hint: 	git config --global init.defaultBranch <name>
Build and publish scanned image	Run actions/checkout@3d3c42e5aac5ba805825da76410c181273ba90b1	2026-10-06T19:23:01.3789977Z hint:
Build and publish scanned image	Run actions/checkout@3d3c42e5aac5ba805825da76410c181273ba90b1	2026-10-06T19:23:01.3790756Z hint: Names commonly chosen instead of 'master' are 'main', 'trunk' and
Build and publish scanned image	Run actions/checkout@3d3c42e5aac5ba805825da76410c181273ba90b1	2026-10-06T19:23:01.3791763Z hint: 'development'. The just-created branch can be renamed via this command:
Build and publish scanned image	Run actions/checkout@3d3c42e5aac5ba805825da76410c181273ba90b1	2026-10-06T19:23:01.3792636Z hint:
Build and publish scanned image	Run actions/checkout@3d3c42e5aac5ba805825da76410c181273ba90b1	2026-10-06T19:23:01.3793278Z hint: 	git branch -m <name>
Build and publish scanned image	Run actions/checkout@3d3c42e5aac5ba805825da76410c181273ba90b1	2026-10-06T19:23:01.3793864Z hint:
Build and publish scanned image	Run actions/checkout@3d3c42e5aac5ba805825da76410c181273ba90b1	2026-10-06T19:23:01.3794547Z hint: Disable this message with "git config set advice.defaultBranchName false"
Build and publish scanned image	Run actions/checkout@3d3c42e5aac5ba805825da76410c181273ba90b1	2026-10-06T19:23:01.3795769Z Initialized empty Git repository in /home/runner/work/devops-devsecops-demo/devops-devsecops-demo/.git/
Build and publish scanned image	Run actions/checkout@3d3c42e5aac5ba805825da76410c181273ba90b1	2026-10-06T19:23:01.3799281Z [command]/usr/bin/git remote add origin https://github.com/vimalyad/devops-devsecops-demo
Build and publish scanned image	Run actions/checkout@3d3c42e5aac5ba805825da76410c181273ba90b1	2026-10-06T19:23:01.3992091Z ##[endgroup]
Build and publish scanned image	Run actions/checkout@3d3c42e5aac5ba805825da76410c181273ba90b1	2026-10-06T19:23:01.3992957Z ##[group]Disabling automatic garbage collection
Build and publish scanned image	Run actions/checkout@3d3c42e5aac5ba805825da76410c181273ba90b1	2026-10-06T19:23:01.3993778Z [command]/usr/bin/git config --local gc.auto 0
Build and publish scanned image	Run actions/checkout@3d3c42e5aac5ba805825da76410c181273ba90b1	2026-10-06T19:23:01.4021707Z ##[endgroup]
Build and publish scanned image	Run actions/checkout@3d3c42e5aac5ba805825da76410c181273ba90b1	2026-10-06T19:23:01.4022743Z ##[group]Setting up auth
Build and publish scanned image	Run actions/checkout@3d3c42e5aac5ba805825da76410c181273ba90b1	2026-10-06T19:23:01.4023408Z Removing SSH command configuration
Build and publish scanned image	Run actions/checkout@3d3c42e5aac5ba805825da76410c181273ba90b1	2026-10-06T19:23:01.4024306Z [command]/usr/bin/git config --local --name-only --get-regexp core\.sshCommand
Build and publish scanned image	Run actions/checkout@3d3c42e5aac5ba805825da76410c181273ba90b1	2026-10-06T19:23:01.4045461Z [command]/usr/bin/git submodule foreach --recursive sh -c "git config --local --name-only --get-regexp 'core\.sshCommand' && git config --local --unset-all 'core.sshCommand' || :"
Build and publish scanned image	Run actions/checkout@3d3c42e5aac5ba805825da76410c181273ba90b1	2026-10-06T19:23:01.4307508Z Removing HTTP extra header
Build and publish scanned image	Run actions/checkout@3d3c42e5aac5ba805825da76410c181273ba90b1	2026-10-06T19:23:01.4310813Z [command]/usr/bin/git config --local --name-only --get-regexp http\.https\:\/\/github\.com\/\.extraheader
Build and publish scanned image	Run actions/checkout@3d3c42e5aac5ba805825da76410c181273ba90b1	2026-10-06T19:23:01.4330915Z [command]/usr/bin/git submodule foreach --recursive sh -c "git config --local --name-only --get-regexp 'http\.https\:\/\/github\.com\/\.extraheader' && git config --local --unset-all 'http.https://github.com/.extraheader' || :"
Build and publish scanned image	Run actions/checkout@3d3c42e5aac5ba805825da76410c181273ba90b1	2026-10-06T19:23:01.4465603Z Removing includeIf entries pointing to credentials config files
Build and publish scanned image	Run actions/checkout@3d3c42e5aac5ba805825da76410c181273ba90b1	2026-10-06T19:23:01.4468884Z [command]/usr/bin/git config --local --name-only --get-regexp ^includeIf\.gitdir:
Build and publish scanned image	Run actions/checkout@3d3c42e5aac5ba805825da76410c181273ba90b1	2026-10-06T19:23:01.4495984Z [command]/usr/bin/git submodule foreach --recursive git config --local --show-origin --name-only --get-regexp remote.origin.url
Build and publish scanned image	Run actions/checkout@3d3c42e5aac5ba805825da76410c181273ba90b1	2026-10-06T19:23:01.4634585Z [command]/usr/bin/git config --file /home/runner/work/_temp/git-credentials-26c2f90a-0532-4cb3-9c24-2c0f8f3b0d59.config http.https://github.com/.extraheader AUTHORIZATION: basic ***
Build and publish scanned image	Run actions/checkout@3d3c42e5aac5ba805825da76410c181273ba90b1	2026-10-06T19:23:01.4658370Z [command]/usr/bin/git config --local includeIf.gitdir:/home/runner/work/devops-devsecops-demo/devops-devsecops-demo/.git.path /home/runner/work/_temp/git-credentials-26c2f90a-0532-4cb3-9c24-2c0f8f3b0d59.config
Build and publish scanned image	Run actions/checkout@3d3c42e5aac5ba805825da76410c181273ba90b1	2026-10-06T19:23:01.4681346Z [command]/usr/bin/git config --local includeIf.gitdir:/home/runner/work/devops-devsecops-demo/devops-devsecops-demo/.git/worktrees/*.path /home/runner/work/_temp/git-credentials-26c2f90a-0532-4cb3-9c24-2c0f8f3b0d59.config
Build and publish scanned image	Run actions/checkout@3d3c42e5aac5ba805825da76410c181273ba90b1	2026-10-06T19:23:01.4710152Z [command]/usr/bin/git config --local includeIf.gitdir:/github/workspace/.git.path /github/runner_temp/git-credentials-26c2f90a-0532-4cb3-9c24-2c0f8f3b0d59.config
Build and publish scanned image	Run actions/checkout@3d3c42e5aac5ba805825da76410c181273ba90b1	2026-10-06T19:23:01.4733500Z [command]/usr/bin/git config --local includeIf.gitdir:/github/workspace/.git/worktrees/*.path /github/runner_temp/git-credentials-26c2f90a-0532-4cb3-9c24-2c0f8f3b0d59.config
Build and publish scanned image	Run actions/checkout@3d3c42e5aac5ba805825da76410c181273ba90b1	2026-10-06T19:23:01.4756548Z ##[endgroup]
Build and publish scanned image	Run actions/checkout@3d3c42e5aac5ba805825da76410c181273ba90b1	2026-10-06T19:23:01.4757645Z ##[group]Fetching the repository
Build and publish scanned image	Run actions/checkout@3d3c42e5aac5ba805825da76410c181273ba90b1	2026-10-06T19:23:01.4762058Z [command]/usr/bin/git -c protocol.version=2 fetch --no-tags --prune --no-recurse-submodules origin +refs/heads/*:refs/remotes/origin/* +refs/tags/*:refs/tags/*
Build and publish scanned image	Run actions/checkout@3d3c42e5aac5ba805825da76410c181273ba90b1	2026-10-06T19:23:02.0397201Z From https://github.com/vimalyad/devops-devsecops-demo
Build and publish scanned image	Run actions/checkout@3d3c42e5aac5ba805825da76410c181273ba90b1	2026-10-06T19:23:02.0398068Z  * [new branch]      assignment/complete-pipeline -> origin/assignment/complete-pipeline
Build and publish scanned image	Run actions/checkout@3d3c42e5aac5ba805825da76410c181273ba90b1	2026-10-06T19:23:02.0398930Z  * [new branch]      exercise/weak-digest -> origin/exercise/weak-digest
Build and publish scanned image	Run actions/checkout@3d3c42e5aac5ba805825da76410c181273ba90b1	2026-10-06T19:23:02.0399554Z  * [new branch]      main                 -> origin/main
Build and publish scanned image	Run actions/checkout@3d3c42e5aac5ba805825da76410c181273ba90b1	2026-10-06T19:23:02.0404719Z [command]/usr/bin/git branch --list --remote origin/assignment/complete-pipeline
Build and publish scanned image	Run actions/checkout@3d3c42e5aac5ba805825da76410c181273ba90b1	2026-10-06T19:23:02.0423006Z   origin/assignment/complete-pipeline
Build and publish scanned image	Run actions/checkout@3d3c42e5aac5ba805825da76410c181273ba90b1	2026-10-06T19:23:02.0428610Z [command]/usr/bin/git rev-parse refs/remotes/origin/assignment/complete-pipeline
Build and publish scanned image	Run actions/checkout@3d3c42e5aac5ba805825da76410c181273ba90b1	2026-10-06T19:23:02.0444752Z 7f521b7dfc61f65934565c868cff408fb6f0a489
Build and publish scanned image	Run actions/checkout@3d3c42e5aac5ba805825da76410c181273ba90b1	2026-10-06T19:23:02.0446352Z ##[endgroup]
Build and publish scanned image	Run actions/checkout@3d3c42e5aac5ba805825da76410c181273ba90b1	2026-10-06T19:23:02.0447265Z ##[group]Determining the checkout info
Build and publish scanned image	Run actions/checkout@3d3c42e5aac5ba805825da76410c181273ba90b1	2026-10-06T19:23:02.0447937Z ##[endgroup]
Build and publish scanned image	Run actions/checkout@3d3c42e5aac5ba805825da76410c181273ba90b1	2026-10-06T19:23:02.0450935Z [command]/usr/bin/git sparse-checkout disable
Build and publish scanned image	Run actions/checkout@3d3c42e5aac5ba805825da76410c181273ba90b1	2026-10-06T19:23:02.0495671Z [command]/usr/bin/git config --local --unset-all extensions.worktreeConfig
Build and publish scanned image	Run actions/checkout@3d3c42e5aac5ba805825da76410c181273ba90b1	2026-10-06T19:23:02.0520114Z ##[group]Checking out the ref
Build and publish scanned image	Run actions/checkout@3d3c42e5aac5ba805825da76410c181273ba90b1	2026-10-06T19:23:02.0523576Z [command]/usr/bin/git checkout --progress --force -B assignment/complete-pipeline refs/remotes/origin/assignment/complete-pipeline
Build and publish scanned image	Run actions/checkout@3d3c42e5aac5ba805825da76410c181273ba90b1	2026-10-06T19:23:02.0569139Z Switched to a new branch 'assignment/complete-pipeline'
Build and publish scanned image	Run actions/checkout@3d3c42e5aac5ba805825da76410c181273ba90b1	2026-10-06T19:23:02.0572870Z branch 'assignment/complete-pipeline' set up to track 'origin/assignment/complete-pipeline'.
Build and publish scanned image	Run actions/checkout@3d3c42e5aac5ba805825da76410c181273ba90b1	2026-10-06T19:23:02.0578459Z ##[endgroup]
Build and publish scanned image	Run actions/checkout@3d3c42e5aac5ba805825da76410c181273ba90b1	2026-10-06T19:23:02.0606617Z [command]/usr/bin/git log -1 --format=%H
Build and publish scanned image	Run actions/checkout@3d3c42e5aac5ba805825da76410c181273ba90b1	2026-10-06T19:23:02.0624239Z 7f521b7dfc61f65934565c868cff408fb6f0a489
Build and publish scanned image	Run actions/checkout@3d3c42e5aac5ba805825da76410c181273ba90b1	2026-10-06T19:23:02.0629893Z ##[group]Removing auth
Build and publish scanned image	Run actions/checkout@3d3c42e5aac5ba805825da76410c181273ba90b1	2026-10-06T19:23:02.0630582Z Removing SSH command configuration
Build and publish scanned image	Run actions/checkout@3d3c42e5aac5ba805825da76410c181273ba90b1	2026-10-06T19:23:02.0632643Z [command]/usr/bin/git config --local --name-only --get-regexp core\.sshCommand
Build and publish scanned image	Run actions/checkout@3d3c42e5aac5ba805825da76410c181273ba90b1	2026-10-06T19:23:02.0653323Z [command]/usr/bin/git submodule foreach --recursive sh -c "git config --local --name-only --get-regexp 'core\.sshCommand' && git config --local --unset-all 'core.sshCommand' || :"
Build and publish scanned image	Run actions/checkout@3d3c42e5aac5ba805825da76410c181273ba90b1	2026-10-06T19:23:02.0797588Z Removing HTTP extra header
Build and publish scanned image	Run actions/checkout@3d3c42e5aac5ba805825da76410c181273ba90b1	2026-10-06T19:23:02.0801093Z [command]/usr/bin/git config --local --name-only --get-regexp http\.https\:\/\/github\.com\/\.extraheader
Build and publish scanned image	Run actions/checkout@3d3c42e5aac5ba805825da76410c181273ba90b1	2026-10-06T19:23:02.0821587Z [command]/usr/bin/git submodule foreach --recursive sh -c "git config --local --name-only --get-regexp 'http\.https\:\/\/github\.com\/\.extraheader' && git config --local --unset-all 'http.https://github.com/.extraheader' || :"
Build and publish scanned image	Run actions/checkout@3d3c42e5aac5ba805825da76410c181273ba90b1	2026-10-06T19:23:02.0959940Z Removing includeIf entries pointing to credentials config files
Build and publish scanned image	Run actions/checkout@3d3c42e5aac5ba805825da76410c181273ba90b1	2026-10-06T19:23:02.0962353Z [command]/usr/bin/git config --local --name-only --get-regexp ^includeIf\.gitdir:
Build and publish scanned image	Run actions/checkout@3d3c42e5aac5ba805825da76410c181273ba90b1	2026-10-06T19:23:02.0981905Z includeif.gitdir:/home/runner/work/devops-devsecops-demo/devops-devsecops-demo/.git.path
Build and publish scanned image	Run actions/checkout@3d3c42e5aac5ba805825da76410c181273ba90b1	2026-10-06T19:23:02.0983024Z includeif.gitdir:/home/runner/work/devops-devsecops-demo/devops-devsecops-demo/.git/worktrees/*.path
Build and publish scanned image	Run actions/checkout@3d3c42e5aac5ba805825da76410c181273ba90b1	2026-10-06T19:23:02.0983787Z includeif.gitdir:/github/workspace/.git.path
Build and publish scanned image	Run actions/checkout@3d3c42e5aac5ba805825da76410c181273ba90b1	2026-10-06T19:23:02.0984309Z includeif.gitdir:/github/workspace/.git/worktrees/*.path
Build and publish scanned image	Run actions/checkout@3d3c42e5aac5ba805825da76410c181273ba90b1	2026-10-06T19:23:02.0987305Z [command]/usr/bin/git config --local --get-all includeif.gitdir:/home/runner/work/devops-devsecops-demo/devops-devsecops-demo/.git.path
Build and publish scanned image	Run actions/checkout@3d3c42e5aac5ba805825da76410c181273ba90b1	2026-10-06T19:23:02.1002699Z /home/runner/work/_temp/git-credentials-26c2f90a-0532-4cb3-9c24-2c0f8f3b0d59.config
Build and publish scanned image	Run actions/checkout@3d3c42e5aac5ba805825da76410c181273ba90b1	2026-10-06T19:23:02.1010052Z [command]/usr/bin/git config --local --unset includeif.gitdir:/home/runner/work/devops-devsecops-demo/devops-devsecops-demo/.git.path \/home\/runner\/work\/_temp\/git\-credentials\-26c2f90a\-0532\-4cb3\-9c24\-2c0f8f3b0d59\.config
Build and publish scanned image	Run actions/checkout@3d3c42e5aac5ba805825da76410c181273ba90b1	2026-10-06T19:23:02.1040388Z [command]/usr/bin/git config --local --get-all includeif.gitdir:/home/runner/work/devops-devsecops-demo/devops-devsecops-demo/.git/worktrees/*.path
Build and publish scanned image	Run actions/checkout@3d3c42e5aac5ba805825da76410c181273ba90b1	2026-10-06T19:23:02.1057103Z /home/runner/work/_temp/git-credentials-26c2f90a-0532-4cb3-9c24-2c0f8f3b0d59.config
Build and publish scanned image	Run actions/checkout@3d3c42e5aac5ba805825da76410c181273ba90b1	2026-10-06T19:23:02.1064094Z [command]/usr/bin/git config --local --unset includeif.gitdir:/home/runner/work/devops-devsecops-demo/devops-devsecops-demo/.git/worktrees/*.path \/home\/runner\/work\/_temp\/git\-credentials\-26c2f90a\-0532\-4cb3\-9c24\-2c0f8f3b0d59\.config
Build and publish scanned image	Run actions/checkout@3d3c42e5aac5ba805825da76410c181273ba90b1	2026-10-06T19:23:02.1091083Z [command]/usr/bin/git config --local --get-all includeif.gitdir:/github/workspace/.git.path
Build and publish scanned image	Run actions/checkout@3d3c42e5aac5ba805825da76410c181273ba90b1	2026-10-06T19:23:02.1141523Z /github/runner_temp/git-credentials-26c2f90a-0532-4cb3-9c24-2c0f8f3b0d59.config
Build and publish scanned image	Run actions/checkout@3d3c42e5aac5ba805825da76410c181273ba90b1	2026-10-06T19:23:02.1152610Z [command]/usr/bin/git config --local --unset includeif.gitdir:/github/workspace/.git.path \/github\/runner_temp\/git\-credentials\-26c2f90a\-0532\-4cb3\-9c24\-2c0f8f3b0d59\.config
Build and publish scanned image	Run actions/checkout@3d3c42e5aac5ba805825da76410c181273ba90b1	2026-10-06T19:23:02.1173240Z [command]/usr/bin/git config --local --get-all includeif.gitdir:/github/workspace/.git/worktrees/*.path
Build and publish scanned image	Run actions/checkout@3d3c42e5aac5ba805825da76410c181273ba90b1	2026-10-06T19:23:02.1190009Z /github/runner_temp/git-credentials-26c2f90a-0532-4cb3-9c24-2c0f8f3b0d59.config
Build and publish scanned image	Run actions/checkout@3d3c42e5aac5ba805825da76410c181273ba90b1	2026-10-06T19:23:02.1195455Z [command]/usr/bin/git config --local --unset includeif.gitdir:/github/workspace/.git/worktrees/*.path \/github\/runner_temp\/git\-credentials\-26c2f90a\-0532\-4cb3\-9c24\-2c0f8f3b0d59\.config
Build and publish scanned image	Run actions/checkout@3d3c42e5aac5ba805825da76410c181273ba90b1	2026-10-06T19:23:02.1220576Z [command]/usr/bin/git submodule foreach --recursive git config --local --show-origin --name-only --get-regexp remote.origin.url
Build and publish scanned image	Run actions/checkout@3d3c42e5aac5ba805825da76410c181273ba90b1	2026-10-06T19:23:02.1359018Z Removing credentials config '/home/runner/work/_temp/git-credentials-26c2f90a-0532-4cb3-9c24-2c0f8f3b0d59.config'
Build and publish scanned image	Run actions/checkout@3d3c42e5aac5ba805825da76410c181273ba90b1	2026-10-06T19:23:02.1367451Z ##[endgroup]
Build and publish scanned image	Build the non-root image	﻿2026-10-06T19:23:02.1512640Z ##[group]Run mkdir -p reports
Build and publish scanned image	Build the non-root image	2026-10-06T19:23:02.1513166Z ^[[36;1mmkdir -p reports^[[0m
Build and publish scanned image	Build the non-root image	2026-10-06T19:23:02.1513708Z ^[[36;1mdocker build --build-arg VERSION="$GITHUB_SHA" -t "$IMAGE" .^[[0m
Build and publish scanned image	Build the non-root image	2026-10-06T19:23:02.1514339Z ^[[36;1mdocker inspect "$IMAGE" > reports/image.json^[[0m
Build and publish scanned image	Build the non-root image	2026-10-06T19:23:02.1808183Z shell: /usr/bin/bash --noprofile --norc -e -o pipefail {0}
Build and publish scanned image	Build the non-root image	2026-10-06T19:23:02.1808746Z env:
Build and publish scanned image	Build the non-root image	2026-10-06T19:23:02.1809336Z   IMAGE: ghcr.io/vimalyad/devops-devsecops-demo:sha-7f521b7dfc61f65934565c868cff408fb6f0a489
Build and publish scanned image	Build the non-root image	2026-10-06T19:23:02.1810004Z ##[endgroup]
Build and publish scanned image	Build the non-root image	2026-10-06T19:23:02.7313354Z #0 building with "default" instance using docker driver
Build and publish scanned image	Build the non-root image	2026-10-06T19:23:02.7314452Z 
Build and publish scanned image	Build the non-root image	2026-10-06T19:23:02.7315025Z #1 [internal] load build definition from Dockerfile
Build and publish scanned image	Build the non-root image	2026-10-06T19:23:02.7316386Z #1 transferring dockerfile: 467B done
Build and publish scanned image	Build the non-root image	2026-10-06T19:23:02.7317527Z #1 DONE 0.0s
Build and publish scanned image	Build the non-root image	2026-10-06T19:23:02.7317910Z 
Build and publish scanned image	Build the non-root image	2026-10-06T19:23:02.7318443Z #2 [auth] library/golang:pull token for registry-1.docker.io
Build and publish scanned image	Build the non-root image	2026-10-06T19:23:02.8817588Z #2 DONE 0.0s
Build and publish scanned image	Build the non-root image	2026-10-06T19:23:02.8818130Z 
Build and publish scanned image	Build the non-root image	2026-10-06T19:23:02.8818367Z #3 [internal] load metadata for docker.io/library/golang:1.27.1-alpine
Build and publish scanned image	Build the non-root image	2026-10-06T19:23:03.3221934Z #3 DONE 0.7s
Build and publish scanned image	Build the non-root image	2026-10-06T19:23:03.4374735Z 
Build and publish scanned image	Build the non-root image	2026-10-06T19:23:03.4375939Z #4 [internal] load .dockerignore
Build and publish scanned image	Build the non-root image	2026-10-06T19:23:03.4377304Z #4 transferring context: 96B done
Build and publish scanned image	Build the non-root image	2026-10-06T19:23:03.4377813Z #4 DONE 0.0s
Build and publish scanned image	Build the non-root image	2026-10-06T19:23:03.4378084Z 
Build and publish scanned image	Build the non-root image	2026-10-06T19:23:03.4378265Z #5 [internal] load build context
Build and publish scanned image	Build the non-root image	2026-10-06T19:23:03.4378676Z #5 transferring context: 24.49kB done
Build and publish scanned image	Build the non-root image	2026-10-06T19:23:03.4379026Z #5 DONE 0.0s
Build and publish scanned image	Build the non-root image	2026-10-06T19:23:03.4379214Z 
Build and publish scanned image	Build the non-root image	2026-10-06T19:23:03.4379692Z #6 [build 1/6] FROM docker.io/library/golang:1.27.1-alpine@sha256:8a5910f31396cd4d89662f56c68b3ae31d374308270a1c3bd96672ee5ed43414
Build and publish scanned image	Build the non-root image	2026-10-06T19:23:03.4380587Z #6 resolve docker.io/library/golang:1.27.1-alpine@sha256:8a5910f31396cd4d89662f56c68b3ae31d374308270a1c3bd96672ee5ed43414 done
Build and publish scanned image	Build the non-root image	2026-10-06T19:23:03.4381223Z #6 sha256:8a5910f31396cd4d89662f56c68b3ae31d374308270a1c3bd96672ee5ed43414 10.29kB / 10.29kB done
Build and publish scanned image	Build the non-root image	2026-10-06T19:23:03.4382820Z #6 sha256:cd9a32216aee5667f957a62d13a10032a63fd58e14b3f3d9cc8c2122f501e95e 1.92kB / 1.92kB done
Build and publish scanned image	Build the non-root image	2026-10-06T19:23:03.4383409Z #6 sha256:340a7d186a598086366ea5264e8c6e74e4dee36dc2d70ac0f621b6b28930a786 2.19kB / 2.19kB done
Build and publish scanned image	Build the non-root image	2026-10-06T19:23:03.4384234Z #6 sha256:aa6e7f3ded592e443fd9ff13e0934fc149b642f26b962019d38fc8879f8764d1 0B / 247.53kB 0.1s
Build and publish scanned image	Build the non-root image	2026-10-06T19:23:03.4384756Z #6 sha256:ef1dbfdbb5d59bdeac07b1398a9f0808b453513bf6a76eb3ffd509a284483095 0B / 71.08MB 0.1s
Build and publish scanned image	Build the non-root image	2026-10-06T19:23:03.4385267Z #6 sha256:1e707d1be9b7cfef08708f1d35029e5e65c69766a1e39e2c027d0acd54b8e7b5 0B / 126B 0.1s
Build and publish scanned image	Build the non-root image	2026-10-06T19:23:03.6373433Z #6 sha256:aa6e7f3ded592e443fd9ff13e0934fc149b642f26b962019d38fc8879f8764d1 247.53kB / 247.53kB 0.1s done
Build and publish scanned image	Build the non-root image	2026-10-06T19:23:03.6374400Z #6 sha256:ef1dbfdbb5d59bdeac07b1398a9f0808b453513bf6a76eb3ffd509a284483095 31.46MB / 71.08MB 0.3s
Build and publish scanned image	Build the non-root image	2026-10-06T19:23:03.6374975Z #6 sha256:1e707d1be9b7cfef08708f1d35029e5e65c69766a1e39e2c027d0acd54b8e7b5 126B / 126B 0.1s done
Build and publish scanned image	Build the non-root image	2026-10-06T19:23:03.6375539Z #6 extracting sha256:aa6e7f3ded592e443fd9ff13e0934fc149b642f26b962019d38fc8879f8764d1 0.0s done
Build and publish scanned image	Build the non-root image	2026-10-06T19:23:03.6376110Z #6 sha256:4f4fb700ef54461cfa02571ae0db9a0dc1e0cdb5577484a6d75e68dc38e8acc1 32B / 32B 0.2s done
Build and publish scanned image	Build the non-root image	2026-10-06T19:23:03.7377302Z #6 sha256:ef1dbfdbb5d59bdeac07b1398a9f0808b453513bf6a76eb3ffd509a284483095 71.08MB / 71.08MB 0.4s
Build and publish scanned image	Build the non-root image	2026-10-06T19:23:04.4380924Z #6 sha256:ef1dbfdbb5d59bdeac07b1398a9f0808b453513bf6a76eb3ffd509a284483095 71.08MB / 71.08MB 1.1s done
Build and publish scanned image	Build the non-root image	2026-10-06T19:23:10.1499331Z #6 extracting sha256:ef1dbfdbb5d59bdeac07b1398a9f0808b453513bf6a76eb3ffd509a284483095
Build and publish scanned image	Build the non-root image	2026-10-06T19:23:12.9853652Z #6 extracting sha256:ef1dbfdbb5d59bdeac07b1398a9f0808b453513bf6a76eb3ffd509a284483095 2.8s done
Build and publish scanned image	Build the non-root image	2026-10-06T19:23:15.0155615Z #6 extracting sha256:1e707d1be9b7cfef08708f1d35029e5e65c69766a1e39e2c027d0acd54b8e7b5
Build and publish scanned image	Build the non-root image	2026-10-06T19:23:15.2173281Z #6 extracting sha256:1e707d1be9b7cfef08708f1d35029e5e65c69766a1e39e2c027d0acd54b8e7b5 done
Build and publish scanned image	Build the non-root image	2026-10-06T19:23:15.2173982Z #6 extracting sha256:4f4fb700ef54461cfa02571ae0db9a0dc1e0cdb5577484a6d75e68dc38e8acc1 done
Build and publish scanned image	Build the non-root image	2026-10-06T19:23:15.2174784Z #6 DONE 11.7s
Build and publish scanned image	Build the non-root image	2026-10-06T19:23:15.2174914Z 
Build and publish scanned image	Build the non-root image	2026-10-06T19:23:15.2175042Z #7 [build 2/6] WORKDIR /src
Build and publish scanned image	Build the non-root image	2026-10-06T19:23:15.2175431Z #7 DONE 0.0s
Build and publish scanned image	Build the non-root image	2026-10-06T19:23:15.2175583Z 
Build and publish scanned image	Build the non-root image	2026-10-06T19:23:15.2175759Z #8 [build 3/6] COPY go.* ./
Build and publish scanned image	Build the non-root image	2026-10-06T19:23:15.2176061Z #8 DONE 0.0s
Build and publish scanned image	Build the non-root image	2026-10-06T19:23:15.2176196Z 
Build and publish scanned image	Build the non-root image	2026-10-06T19:23:15.2176293Z #9 [build 4/6] RUN go mod download
Build and publish scanned image	Build the non-root image	2026-10-06T19:23:15.4140531Z #9 DONE 0.3s
Build and publish scanned image	Build the non-root image	2026-10-06T19:23:15.5770100Z 
Build and publish scanned image	Build the non-root image	2026-10-06T19:23:15.5771081Z #10 [build 5/6] COPY . .
Build and publish scanned image	Build the non-root image	2026-10-06T19:23:15.5771669Z #10 DONE 0.0s
Build and publish scanned image	Build the non-root image	2026-10-06T19:23:15.5774482Z 
Build and publish scanned image	Build the non-root image	2026-10-06T19:23:15.5775745Z #11 [build 6/6] RUN CGO_ENABLED=0 GOOS=linux go build -trimpath -ldflags="-s -w -X main.version=7f521b7dfc61f65934565c868cff408fb6f0a489" -o /out/server ./cmd/server
Build and publish scanned image	Build the non-root image	2026-10-06T19:23:23.4247576Z #11 DONE 8.0s
Build and publish scanned image	Build the non-root image	2026-10-06T19:23:23.4994028Z 
Build and publish scanned image	Build the non-root image	2026-10-06T19:23:23.4995030Z #12 [stage-1 1/1] COPY --from=build /out/server /server
Build and publish scanned image	Build the non-root image	2026-10-06T19:23:23.4995449Z #12 DONE 0.0s
Build and publish scanned image	Build the non-root image	2026-10-06T19:23:23.4995664Z 
Build and publish scanned image	Build the non-root image	2026-10-06T19:23:23.4995751Z #13 exporting to image
Build and publish scanned image	Build the non-root image	2026-10-06T19:23:23.4996051Z #13 exporting layers 0.0s done
Build and publish scanned image	Build the non-root image	2026-10-06T19:23:23.4996514Z #13 writing image sha256:b8a1ddb2b1a6d695e90efed85f2031ce42423d0c095e2265070713ab4d2798b3 done
Build and publish scanned image	Build the non-root image	2026-10-06T19:23:23.4997303Z #13 naming to ghcr.io/vimalyad/devops-devsecops-demo:sha-7f521b7dfc61f65934565c868cff408fb6f0a489 done
Build and publish scanned image	Build the non-root image	2026-10-06T19:23:23.4997745Z #13 DONE 0.0s
Build and publish scanned image	Install the pinned image scanner	﻿2026-10-06T19:23:23.5200073Z ##[group]Run python3 scripts/install-tools.py trivy
Build and publish scanned image	Install the pinned image scanner	2026-10-06T19:23:23.5200484Z ^[[36;1mpython3 scripts/install-tools.py trivy^[[0m
Build and publish scanned image	Install the pinned image scanner	2026-10-06T19:23:23.5200779Z ^[[36;1mecho "$PWD/.tools/bin" >> "$GITHUB_PATH"^[[0m
Build and publish scanned image	Install the pinned image scanner	2026-10-06T19:23:23.5236137Z shell: /usr/bin/bash --noprofile --norc -e -o pipefail {0}
Build and publish scanned image	Install the pinned image scanner	2026-10-06T19:23:23.5236538Z env:
Build and publish scanned image	Install the pinned image scanner	2026-10-06T19:23:23.5237070Z   IMAGE: ghcr.io/vimalyad/devops-devsecops-demo:sha-7f521b7dfc61f65934565c868cff408fb6f0a489
Build and publish scanned image	Install the pinned image scanner	2026-10-06T19:23:23.5237448Z ##[endgroup]
Build and publish scanned image	Install the pinned image scanner	2026-10-06T19:23:25.0154331Z Installed trivy v0.75.0; SHA256 verified
Build and publish scanned image	Container image gate — reject HIGH and CRITICAL	﻿2026-10-06T19:23:25.0272785Z ##[group]Run trivy image --scanners vuln --severity HIGH,CRITICAL --exit-code 1 --format json --output reports/trivy.json "$IMAGE"
Build and publish scanned image	Container image gate — reject HIGH and CRITICAL	2026-10-06T19:23:25.0273497Z ^[[36;1mtrivy image --scanners vuln --severity HIGH,CRITICAL --exit-code 1 --format json --output reports/trivy.json "$IMAGE"^[[0m
Build and publish scanned image	Container image gate — reject HIGH and CRITICAL	2026-10-06T19:23:25.0311409Z shell: /usr/bin/bash --noprofile --norc -e -o pipefail {0}
Build and publish scanned image	Container image gate — reject HIGH and CRITICAL	2026-10-06T19:23:25.0311873Z env:
Build and publish scanned image	Container image gate — reject HIGH and CRITICAL	2026-10-06T19:23:25.0312236Z   IMAGE: ghcr.io/vimalyad/devops-devsecops-demo:sha-7f521b7dfc61f65934565c868cff408fb6f0a489
Build and publish scanned image	Container image gate — reject HIGH and CRITICAL	2026-10-06T19:23:25.0312608Z ##[endgroup]
Build and publish scanned image	Container image gate — reject HIGH and CRITICAL	2026-10-06T19:23:25.0929759Z 2026-10-06T19:23:25Z	INFO	[vulndb] Need to update DB
Build and publish scanned image	Container image gate — reject HIGH and CRITICAL	2026-10-06T19:23:25.0930158Z 2026-10-06T19:23:25Z	INFO	[vulndb] Downloading vulnerability DB...
Build and publish scanned image	Container image gate — reject HIGH and CRITICAL	2026-10-06T19:23:25.0930653Z 2026-10-06T19:23:25Z	INFO	[vulndb] Downloading artifact...	repo="mirror.gcr.io/aquasec/trivy-db:2"
Build and publish scanned image	Container image gate — reject HIGH and CRITICAL	2026-10-06T19:23:28.8128757Z 2.51 MiB / 119.22 MiB [->____________________________________________________________] 2.10% ? p/s ?27.44 MiB / 119.22 MiB [------------->______________________________________________] 23.01% ? p/s ?61.45 MiB / 119.22 MiB [------------------------------>_____________________________] 51.55% ? p/s ?95.66 MiB / 119.22 MiB [------------------------------------>_________] 80.24% 155.35 MiB p/s ETA 0s119.22 MiB / 119.22 MiB [------------------------------------------->] 100.00% 155.35 MiB p/s ETA 0s119.22 MiB / 119.22 MiB [------------------------------------------->] 100.00% 155.35 MiB p/s ETA 0s119.22 MiB / 119.22 MiB [------------------------------------------->] 100.00% 147.85 MiB p/s ETA 0s119.22 MiB / 119.22 MiB [------------------------------------------->] 100.00% 147.85 MiB p/s ETA 0s119.22 MiB / 119.22 MiB [------------------------------------------->] 100.00% 147.85 MiB p/s ETA 0s119.22 MiB / 119.22 MiB [------------------------------------------->] 100.00% 138.32 MiB p/s ETA 0s119.22 MiB / 119.22 MiB [------------------------------------------->] 100.00% 138.32 MiB p/s ETA 0s119.22 MiB / 119.22 MiB [------------------------------------------->] 100.00% 138.32 MiB p/s ETA 0s119.22 MiB / 119.22 MiB [------------------------------------------->] 100.00% 129.39 MiB p/s ETA 0s119.22 MiB / 119.22 MiB [------------------------------------------->] 100.00% 129.39 MiB p/s ETA 0s119.22 MiB / 119.22 MiB [------------------------------------------->] 100.00% 129.39 MiB p/s ETA 0s119.22 MiB / 119.22 MiB [------------------------------------------->] 100.00% 121.04 MiB p/s ETA 0s119.22 MiB / 119.22 MiB [-----------------------------------------------] 100.00% 38.93 MiB p/s 3.3s2026-10-06T19:23:28Z	INFO	[vulndb] Artifact successfully downloaded	repo="mirror.gcr.io/aquasec/trivy-db:2"
Build and publish scanned image	Container image gate — reject HIGH and CRITICAL	2026-10-06T19:23:28.8238435Z 2026-10-06T19:23:28Z	INFO	[vuln] Vulnerability scanning is enabled
Build and publish scanned image	Container image gate — reject HIGH and CRITICAL	2026-10-06T19:23:29.4646389Z 2026-10-06T19:23:29Z	INFO	Number of language-specific files	num=1
Build and publish scanned image	Container image gate — reject HIGH and CRITICAL	2026-10-06T19:23:29.4647750Z 2026-10-06T19:23:29Z	INFO	[gobinary] Detecting vulnerabilities...
Build and publish scanned image	Publish the scanned image to GHCR	﻿2026-10-06T19:23:29.6527415Z ##[group]Run printf '%s' "$REGISTRY_TOKEN" | docker login ghcr.io -u "$GITHUB_ACTOR" --password-stdin
Build and publish scanned image	Publish the scanned image to GHCR	2026-10-06T19:23:29.6527962Z ^[[36;1mprintf '%s' "$REGISTRY_TOKEN" | docker login ghcr.io -u "$GITHUB_ACTOR" --password-stdin^[[0m
Build and publish scanned image	Publish the scanned image to GHCR	2026-10-06T19:23:29.6528431Z ^[[36;1mdocker push "$IMAGE" | tee reports/registry-push.txt^[[0m
Build and publish scanned image	Publish the scanned image to GHCR	2026-10-06T19:23:29.6528862Z ^[[36;1mdocker inspect --format='{{json .RepoDigests}}' "$IMAGE" | tee reports/registry-digests.json^[[0m
Build and publish scanned image	Publish the scanned image to GHCR	2026-10-06T19:23:29.6562931Z shell: /usr/bin/bash --noprofile --norc -e -o pipefail {0}
Build and publish scanned image	Publish the scanned image to GHCR	2026-10-06T19:23:29.6563243Z env:
Build and publish scanned image	Publish the scanned image to GHCR	2026-10-06T19:23:29.6563639Z   IMAGE: ghcr.io/vimalyad/devops-devsecops-demo:sha-7f521b7dfc61f65934565c868cff408fb6f0a489
Build and publish scanned image	Publish the scanned image to GHCR	2026-10-06T19:23:29.6565788Z   REGISTRY_TOKEN: ***
Build and publish scanned image	Publish the scanned image to GHCR	2026-10-06T19:23:29.6566032Z ##[endgroup]
Build and publish scanned image	Publish the scanned image to GHCR	2026-10-06T19:23:30.0910234Z 
Build and publish scanned image	Publish the scanned image to GHCR	2026-10-06T19:23:30.0910790Z Login Succeeded
Build and publish scanned image	Publish the scanned image to GHCR	2026-10-06T19:23:30.0911691Z WARNING! Your credentials are stored unencrypted in '/home/runner/.docker/config.json'.
Build and publish scanned image	Publish the scanned image to GHCR	2026-10-06T19:23:30.0912596Z Configure a credential helper to remove this warning. See
Build and publish scanned image	Publish the scanned image to GHCR	2026-10-06T19:23:30.0913252Z https://docs.docker.com/go/credential-store/
Build and publish scanned image	Publish the scanned image to GHCR	2026-10-06T19:23:30.0913691Z 
Build and publish scanned image	Publish the scanned image to GHCR	2026-10-06T19:23:30.1124898Z The push refers to repository [ghcr.io/vimalyad/devops-devsecops-demo]
Build and publish scanned image	Publish the scanned image to GHCR	2026-10-06T19:23:30.2104578Z 229a767709e8: Preparing
Build and publish scanned image	Publish the scanned image to GHCR	2026-10-06T19:23:32.1823451Z 229a767709e8: Pushed
Build and publish scanned image	Publish the scanned image to GHCR	2026-10-06T19:23:34.3985259Z sha-7f521b7dfc61f65934565c868cff408fb6f0a489: digest: sha256:b15574d22fbe05e7d801504904dd3b56b20986b3f6c3fde51bce6d0c688eb1af size: 528
Build and publish scanned image	Publish the scanned image to GHCR	2026-10-06T19:23:34.4128220Z ["ghcr.io/vimalyad/devops-devsecops-demo@sha256:b15574d22fbe05e7d801504904dd3b56b20986b3f6c3fde51bce6d0c688eb1af"]
Build and publish scanned image	Log out of the registry	﻿2026-10-06T19:23:34.4169514Z ##[group]Run docker logout ghcr.io
Build and publish scanned image	Log out of the registry	2026-10-06T19:23:34.4169819Z ^[[36;1mdocker logout ghcr.io^[[0m
Build and publish scanned image	Log out of the registry	2026-10-06T19:23:34.4202988Z shell: /usr/bin/bash --noprofile --norc -e -o pipefail {0}
Build and publish scanned image	Log out of the registry	2026-10-06T19:23:34.4203321Z env:
Build and publish scanned image	Log out of the registry	2026-10-06T19:23:34.4203669Z   IMAGE: ghcr.io/vimalyad/devops-devsecops-demo:sha-7f521b7dfc61f65934565c868cff408fb6f0a489
Build and publish scanned image	Log out of the registry	2026-10-06T19:23:34.4204062Z ##[endgroup]
Build and publish scanned image	Log out of the registry	2026-10-06T19:23:34.4336600Z Removing login credentials for ghcr.io
Build and publish scanned image	Save the deployable image	﻿2026-10-06T19:23:34.4375252Z ##[group]Run docker save "$IMAGE" -o image.tar
Build and publish scanned image	Save the deployable image	2026-10-06T19:23:34.4375569Z ^[[36;1mdocker save "$IMAGE" -o image.tar^[[0m
Build and publish scanned image	Save the deployable image	2026-10-06T19:23:34.4399745Z shell: /usr/bin/bash --noprofile --norc -e -o pipefail {0}
Build and publish scanned image	Save the deployable image	2026-10-06T19:23:34.4400182Z env:
Build and publish scanned image	Save the deployable image	2026-10-06T19:23:34.4400543Z   IMAGE: ghcr.io/vimalyad/devops-devsecops-demo:sha-7f521b7dfc61f65934565c868cff408fb6f0a489
Build and publish scanned image	Save the deployable image	2026-10-06T19:23:34.4400925Z ##[endgroup]
Build and publish scanned image	Save container-image	﻿2026-10-06T19:23:34.4781019Z ##[group]Run actions/upload-artifact@043fb46d1a93c77aae656e7c1c64a875d1fc6a0a
Build and publish scanned image	Save container-image	2026-10-06T19:23:34.4781392Z with:
Build and publish scanned image	Save container-image	2026-10-06T19:23:34.4781644Z   name: container-image
Build and publish scanned image	Save container-image	2026-10-06T19:23:34.4781879Z   path: image.tar
Build and publish scanned image	Save container-image	2026-10-06T19:23:34.4782120Z   if-no-files-found: error
Build and publish scanned image	Save container-image	2026-10-06T19:23:34.4782369Z   retention-days: 14
Build and publish scanned image	Save container-image	2026-10-06T19:23:34.4782648Z   compression-level: 6
Build and publish scanned image	Save container-image	2026-10-06T19:23:34.4782891Z   overwrite: false
Build and publish scanned image	Save container-image	2026-10-06T19:23:34.4783121Z   include-hidden-files: false
Build and publish scanned image	Save container-image	2026-10-06T19:23:34.4783373Z   archive: true
Build and publish scanned image	Save container-image	2026-10-06T19:23:34.4783585Z env:
Build and publish scanned image	Save container-image	2026-10-06T19:23:34.4783915Z   IMAGE: ghcr.io/vimalyad/devops-devsecops-demo:sha-7f521b7dfc61f65934565c868cff408fb6f0a489
Build and publish scanned image	Save container-image	2026-10-06T19:23:34.4784370Z ##[endgroup]
Build and publish scanned image	Save container-image	2026-10-06T19:23:34.5778850Z With the provided path, there will be 1 file uploaded
Build and publish scanned image	Save container-image	2026-10-06T19:23:34.5781810Z Artifact name is valid!
Build and publish scanned image	Save container-image	2026-10-06T19:23:34.5782506Z Root directory input is valid!
Build and publish scanned image	Save container-image	2026-10-06T19:23:34.8317804Z Uploading artifact: container-image.zip
Build and publish scanned image	Save container-image	2026-10-06T19:23:34.8319128Z Beginning upload of artifact content to blob storage
Build and publish scanned image	Save container-image	2026-10-06T19:23:35.5391941Z Uploaded bytes 2855736
Build and publish scanned image	Save container-image	2026-10-06T19:23:35.5855299Z Finished uploading artifact content to blob storage!
Build and publish scanned image	Save container-image	2026-10-06T19:23:35.5856002Z SHA256 digest of uploaded artifact is d23e27152584bf020e6e61adf5c29a18046ad52d70443df2cae2dad8830e1688
Build and publish scanned image	Save container-image	2026-10-06T19:23:35.5856687Z Finalizing artifact upload
Build and publish scanned image	Save container-image	2026-10-06T19:23:36.0403392Z Artifact container-image successfully finalized. Artifact ID 11438102643
Build and publish scanned image	Save container-image	2026-10-06T19:23:36.0404605Z Artifact container-image has been successfully uploaded! Final size is 2855736 bytes. Artifact ID is 11438102643
Build and publish scanned image	Save container-image	2026-10-06T19:23:36.0405470Z Artifact download URL: https://github.com/vimalyad/devops-devsecops-demo/actions/runs/37518286603/artifacts/11438102643
Build and publish scanned image	Save image-reports	﻿2026-10-06T19:23:36.0528409Z ##[group]Run actions/upload-artifact@043fb46d1a93c77aae656e7c1c64a875d1fc6a0a
Build and publish scanned image	Save image-reports	2026-10-06T19:23:36.0528819Z with:
Build and publish scanned image	Save image-reports	2026-10-06T19:23:36.0529066Z   name: image-reports
Build and publish scanned image	Save image-reports	2026-10-06T19:23:36.0529297Z   path: reports/
Build and publish scanned image	Save image-reports	2026-10-06T19:23:36.0529520Z   if-no-files-found: error
Build and publish scanned image	Save image-reports	2026-10-06T19:23:36.0529773Z   retention-days: 14
Build and publish scanned image	Save image-reports	2026-10-06T19:23:36.0530041Z   compression-level: 6
Build and publish scanned image	Save image-reports	2026-10-06T19:23:36.0530298Z   overwrite: false
Build and publish scanned image	Save image-reports	2026-10-06T19:23:36.0530527Z   include-hidden-files: false
Build and publish scanned image	Save image-reports	2026-10-06T19:23:36.0530770Z   archive: true
Build and publish scanned image	Save image-reports	2026-10-06T19:23:36.0531048Z env:
Build and publish scanned image	Save image-reports	2026-10-06T19:23:36.0531384Z   IMAGE: ghcr.io/vimalyad/devops-devsecops-demo:sha-7f521b7dfc61f65934565c868cff408fb6f0a489
Build and publish scanned image	Save image-reports	2026-10-06T19:23:36.0531796Z ##[endgroup]
Build and publish scanned image	Save image-reports	2026-10-06T19:23:36.1565146Z With the provided path, there will be 4 files uploaded
Build and publish scanned image	Save image-reports	2026-10-06T19:23:36.1578215Z Artifact name is valid!
Build and publish scanned image	Save image-reports	2026-10-06T19:23:36.1578592Z Root directory input is valid!
Build and publish scanned image	Save image-reports	2026-10-06T19:23:36.4188493Z Uploading artifact: image-reports.zip
Build and publish scanned image	Save image-reports	2026-10-06T19:23:36.4218175Z Beginning upload of artifact content to blob storage
Build and publish scanned image	Save image-reports	2026-10-06T19:23:36.6197201Z Uploaded bytes 2724
Build and publish scanned image	Save image-reports	2026-10-06T19:23:36.6669210Z Finished uploading artifact content to blob storage!
Build and publish scanned image	Save image-reports	2026-10-06T19:23:36.6669856Z SHA256 digest of uploaded artifact is 53da89f27105b6facf46b6a06ca91437edec4b8848f22413e3325b07d169b3a5
Build and publish scanned image	Save image-reports	2026-10-06T19:23:36.6670513Z Finalizing artifact upload
Build and publish scanned image	Save image-reports	2026-10-06T19:23:37.0207278Z Artifact image-reports successfully finalized. Artifact ID 11437707926
Build and publish scanned image	Save image-reports	2026-10-06T19:23:37.0208122Z Artifact image-reports has been successfully uploaded! Final size is 2724 bytes. Artifact ID is 11437707926
Build and publish scanned image	Save image-reports	2026-10-06T19:23:37.0211254Z Artifact download URL: https://github.com/vimalyad/devops-devsecops-demo/actions/runs/37518286603/artifacts/11437707926
Build and publish scanned image	Post Run actions/checkout@3d3c42e5aac5ba805825da76410c181273ba90b1	﻿2026-10-06T19:23:37.0354898Z Post job cleanup.
Build and publish scanned image	Post Run actions/checkout@3d3c42e5aac5ba805825da76410c181273ba90b1	2026-10-06T19:23:37.0956897Z [command]/usr/bin/git version
Build and publish scanned image	Post Run actions/checkout@3d3c42e5aac5ba805825da76410c181273ba90b1	2026-10-06T19:23:37.0984267Z git version 2.55.0
Build and publish scanned image	Post Run actions/checkout@3d3c42e5aac5ba805825da76410c181273ba90b1	2026-10-06T19:23:37.1012692Z Temporarily overriding HOME='/home/runner/work/_temp/decfcafe-e09b-4498-a510-2ed0ba4103c2' before making global git config changes
Build and publish scanned image	Post Run actions/checkout@3d3c42e5aac5ba805825da76410c181273ba90b1	2026-10-06T19:23:37.1013614Z Adding repository directory to the temporary git global config as a safe directory
Build and publish scanned image	Post Run actions/checkout@3d3c42e5aac5ba805825da76410c181273ba90b1	2026-10-06T19:23:37.1015506Z [command]/usr/bin/git config --global --add safe.directory /home/runner/work/devops-devsecops-demo/devops-devsecops-demo
Build and publish scanned image	Post Run actions/checkout@3d3c42e5aac5ba805825da76410c181273ba90b1	2026-10-06T19:23:37.1038058Z Removing SSH command configuration
Build and publish scanned image	Post Run actions/checkout@3d3c42e5aac5ba805825da76410c181273ba90b1	2026-10-06T19:23:37.1042813Z [command]/usr/bin/git config --local --name-only --get-regexp core\.sshCommand
Build and publish scanned image	Post Run actions/checkout@3d3c42e5aac5ba805825da76410c181273ba90b1	2026-10-06T19:23:37.1065801Z [command]/usr/bin/git submodule foreach --recursive sh -c "git config --local --name-only --get-regexp 'core\.sshCommand' && git config --local --unset-all 'core.sshCommand' || :"
Build and publish scanned image	Post Run actions/checkout@3d3c42e5aac5ba805825da76410c181273ba90b1	2026-10-06T19:23:37.1217602Z Removing HTTP extra header
Build and publish scanned image	Post Run actions/checkout@3d3c42e5aac5ba805825da76410c181273ba90b1	2026-10-06T19:23:37.1221978Z [command]/usr/bin/git config --local --name-only --get-regexp http\.https\:\/\/github\.com\/\.extraheader
Build and publish scanned image	Post Run actions/checkout@3d3c42e5aac5ba805825da76410c181273ba90b1	2026-10-06T19:23:37.1244846Z [command]/usr/bin/git submodule foreach --recursive sh -c "git config --local --name-only --get-regexp 'http\.https\:\/\/github\.com\/\.extraheader' && git config --local --unset-all 'http.https://github.com/.extraheader' || :"
Build and publish scanned image	Post Run actions/checkout@3d3c42e5aac5ba805825da76410c181273ba90b1	2026-10-06T19:23:37.1391503Z Removing includeIf entries pointing to credentials config files
Build and publish scanned image	Post Run actions/checkout@3d3c42e5aac5ba805825da76410c181273ba90b1	2026-10-06T19:23:37.1394835Z [command]/usr/bin/git config --local --name-only --get-regexp ^includeIf\.gitdir:
Build and publish scanned image	Post Run actions/checkout@3d3c42e5aac5ba805825da76410c181273ba90b1	2026-10-06T19:23:37.1418561Z [command]/usr/bin/git submodule foreach --recursive git config --local --show-origin --name-only --get-regexp remote.origin.url
Build and publish scanned image	Complete job	﻿2026-10-06T19:23:37.1700287Z Cleaning up orphan processes
Deploy to temporary Kubernetes	Set up job	﻿2026-10-06T19:23:43.6698154Z Current runner version: '2.337.0'
Deploy to temporary Kubernetes	Set up job	2026-10-06T19:23:43.6719194Z ##[group]Runner Image Provisioner
Deploy to temporary Kubernetes	Set up job	2026-10-06T19:23:43.6719984Z Hosted Compute Agent
Deploy to temporary Kubernetes	Set up job	2026-10-06T19:23:43.6720501Z Version: 20261002.596
Deploy to temporary Kubernetes	Set up job	2026-10-06T19:23:43.6721050Z Commit: c3d12f3313a95f25162a1503be624f3b0617f8c0
Deploy to temporary Kubernetes	Set up job	2026-10-06T19:23:43.6721821Z Build Date: 2026-10-02T22:28:27Z
Deploy to temporary Kubernetes	Set up job	2026-10-06T19:23:43.6722360Z Worker ID: {bc2f823d-d60a-446b-9a0b-efd7d0c11d34}
Deploy to temporary Kubernetes	Set up job	2026-10-06T19:23:43.6722988Z Region: westus3
Deploy to temporary Kubernetes	Set up job	2026-10-06T19:23:43.6723439Z Cloud: Azure
Deploy to temporary Kubernetes	Set up job	2026-10-06T19:23:43.6723901Z ##[endgroup]
Deploy to temporary Kubernetes	Set up job	2026-10-06T19:23:43.6725131Z ##[group]Operating System
Deploy to temporary Kubernetes	Set up job	2026-10-06T19:23:43.6725639Z Ubuntu
Deploy to temporary Kubernetes	Set up job	2026-10-06T19:23:43.6726402Z 24.04.5
Deploy to temporary Kubernetes	Set up job	2026-10-06T19:23:43.6726889Z LTS
Deploy to temporary Kubernetes	Set up job	2026-10-06T19:23:43.6727332Z ##[endgroup]
Deploy to temporary Kubernetes	Set up job	2026-10-06T19:23:43.6727815Z ##[group]Runner Image
Deploy to temporary Kubernetes	Set up job	2026-10-06T19:23:43.6728307Z Image: ubuntu-24.04
Deploy to temporary Kubernetes	Set up job	2026-10-06T19:23:43.6728807Z Version: 20261004.327.1
Deploy to temporary Kubernetes	Set up job	2026-10-06T19:23:43.6729655Z Included Software: https://github.com/actions/runner-images/blob/ubuntu24/20261004.327/images/ubuntu/Ubuntu2404-Readme.md
Deploy to temporary Kubernetes	Set up job	2026-10-06T19:23:43.6731121Z Image Release: https://github.com/actions/runner-images/releases/tag/ubuntu24%2F20261004.327
Deploy to temporary Kubernetes	Set up job	2026-10-06T19:23:43.6732055Z ##[endgroup]
Deploy to temporary Kubernetes	Set up job	2026-10-06T19:23:43.6733071Z ##[group]GITHUB_TOKEN Permissions
Deploy to temporary Kubernetes	Set up job	2026-10-06T19:23:43.6734743Z Contents: read
Deploy to temporary Kubernetes	Set up job	2026-10-06T19:23:43.6735337Z Metadata: read
Deploy to temporary Kubernetes	Set up job	2026-10-06T19:23:43.6735815Z Packages: read
Deploy to temporary Kubernetes	Set up job	2026-10-06T19:23:43.6736260Z ##[endgroup]
Deploy to temporary Kubernetes	Set up job	2026-10-06T19:23:43.6737911Z Secret source: Actions
Deploy to temporary Kubernetes	Set up job	2026-10-06T19:23:43.6738694Z Cache mode: write
Deploy to temporary Kubernetes	Set up job	2026-10-06T19:23:43.6739325Z Prepare workflow directory
Deploy to temporary Kubernetes	Set up job	2026-10-06T19:23:43.7252449Z Prepare all required actions
Deploy to temporary Kubernetes	Set up job	2026-10-06T19:23:43.7291622Z Getting action download info
Deploy to temporary Kubernetes	Set up job	2026-10-06T19:23:44.0573699Z Download action repository 'actions/checkout@3d3c42e5aac5ba805825da76410c181273ba90b1' (SHA:3d3c42e5aac5ba805825da76410c181273ba90b1)
Deploy to temporary Kubernetes	Set up job	2026-10-06T19:23:44.1938534Z Download action repository 'actions/download-artifact@3e5f45b2cfb9172054b4087a40e8e0b5a5461e7c' (SHA:3e5f45b2cfb9172054b4087a40e8e0b5a5461e7c)
Deploy to temporary Kubernetes	Set up job	2026-10-06T19:23:44.8883298Z Download action repository 'actions/upload-artifact@043fb46d1a93c77aae656e7c1c64a875d1fc6a0a' (SHA:043fb46d1a93c77aae656e7c1c64a875d1fc6a0a)
Deploy to temporary Kubernetes	Set up job	2026-10-06T19:23:45.0574261Z Complete job name: Deploy to temporary Kubernetes
Deploy to temporary Kubernetes	Run actions/checkout@3d3c42e5aac5ba805825da76410c181273ba90b1	﻿2026-10-06T19:23:45.1149495Z ##[group]Run actions/checkout@3d3c42e5aac5ba805825da76410c181273ba90b1
Deploy to temporary Kubernetes	Run actions/checkout@3d3c42e5aac5ba805825da76410c181273ba90b1	2026-10-06T19:23:45.1150289Z with:
Deploy to temporary Kubernetes	Run actions/checkout@3d3c42e5aac5ba805825da76410c181273ba90b1	2026-10-06T19:23:45.1150620Z   fetch-depth: 0
Deploy to temporary Kubernetes	Run actions/checkout@3d3c42e5aac5ba805825da76410c181273ba90b1	2026-10-06T19:23:45.1150992Z   persist-credentials: false
Deploy to temporary Kubernetes	Run actions/checkout@3d3c42e5aac5ba805825da76410c181273ba90b1	2026-10-06T19:23:45.1151561Z   repository: vimalyad/devops-devsecops-demo
Deploy to temporary Kubernetes	Run actions/checkout@3d3c42e5aac5ba805825da76410c181273ba90b1	2026-10-06T19:23:45.1154838Z   token: ***
Deploy to temporary Kubernetes	Run actions/checkout@3d3c42e5aac5ba805825da76410c181273ba90b1	2026-10-06T19:23:45.1155179Z   ssh-strict: true
Deploy to temporary Kubernetes	Run actions/checkout@3d3c42e5aac5ba805825da76410c181273ba90b1	2026-10-06T19:23:45.1155523Z   ssh-user: git
Deploy to temporary Kubernetes	Run actions/checkout@3d3c42e5aac5ba805825da76410c181273ba90b1	2026-10-06T19:23:45.1155852Z   clean: true
Deploy to temporary Kubernetes	Run actions/checkout@3d3c42e5aac5ba805825da76410c181273ba90b1	2026-10-06T19:23:45.1156212Z   sparse-checkout-cone-mode: true
Deploy to temporary Kubernetes	Run actions/checkout@3d3c42e5aac5ba805825da76410c181273ba90b1	2026-10-06T19:23:45.1156632Z   fetch-tags: false
Deploy to temporary Kubernetes	Run actions/checkout@3d3c42e5aac5ba805825da76410c181273ba90b1	2026-10-06T19:23:45.1156981Z   show-progress: true
Deploy to temporary Kubernetes	Run actions/checkout@3d3c42e5aac5ba805825da76410c181273ba90b1	2026-10-06T19:23:45.1157333Z   lfs: false
Deploy to temporary Kubernetes	Run actions/checkout@3d3c42e5aac5ba805825da76410c181273ba90b1	2026-10-06T19:23:45.1157657Z   submodules: false
Deploy to temporary Kubernetes	Run actions/checkout@3d3c42e5aac5ba805825da76410c181273ba90b1	2026-10-06T19:23:45.1158024Z   set-safe-directory: true
Deploy to temporary Kubernetes	Run actions/checkout@3d3c42e5aac5ba805825da76410c181273ba90b1	2026-10-06T19:23:45.1158408Z   allow-unsafe-pr-checkout: false
Deploy to temporary Kubernetes	Run actions/checkout@3d3c42e5aac5ba805825da76410c181273ba90b1	2026-10-06T19:23:45.1158947Z env:
Deploy to temporary Kubernetes	Run actions/checkout@3d3c42e5aac5ba805825da76410c181273ba90b1	2026-10-06T19:23:45.1159512Z   IMAGE: ghcr.io/vimalyad/devops-devsecops-demo:sha-7f521b7dfc61f65934565c868cff408fb6f0a489
Deploy to temporary Kubernetes	Run actions/checkout@3d3c42e5aac5ba805825da76410c181273ba90b1	2026-10-06T19:23:45.1160256Z   EXPECTED_VERSION: 7f521b7dfc61f65934565c868cff408fb6f0a489
Deploy to temporary Kubernetes	Run actions/checkout@3d3c42e5aac5ba805825da76410c181273ba90b1	2026-10-06T19:23:45.1160784Z ##[endgroup]
Deploy to temporary Kubernetes	Run actions/checkout@3d3c42e5aac5ba805825da76410c181273ba90b1	2026-10-06T19:23:45.1969503Z Syncing repository: vimalyad/devops-devsecops-demo
Deploy to temporary Kubernetes	Run actions/checkout@3d3c42e5aac5ba805825da76410c181273ba90b1	2026-10-06T19:23:45.1971712Z ##[group]Getting Git version info
Deploy to temporary Kubernetes	Run actions/checkout@3d3c42e5aac5ba805825da76410c181273ba90b1	2026-10-06T19:23:45.1972767Z Working directory is '/home/runner/work/devops-devsecops-demo/devops-devsecops-demo'
Deploy to temporary Kubernetes	Run actions/checkout@3d3c42e5aac5ba805825da76410c181273ba90b1	2026-10-06T19:23:45.1974243Z [command]/usr/bin/git version
Deploy to temporary Kubernetes	Run actions/checkout@3d3c42e5aac5ba805825da76410c181273ba90b1	2026-10-06T19:23:45.2028740Z git version 2.55.0
Deploy to temporary Kubernetes	Run actions/checkout@3d3c42e5aac5ba805825da76410c181273ba90b1	2026-10-06T19:23:45.2049464Z ##[endgroup]
Deploy to temporary Kubernetes	Run actions/checkout@3d3c42e5aac5ba805825da76410c181273ba90b1	2026-10-06T19:23:45.2055300Z Temporarily overriding HOME='/home/runner/work/_temp/cd34ec23-9abc-4e0f-82c0-65bdc795f8a9' before making global git config changes
Deploy to temporary Kubernetes	Run actions/checkout@3d3c42e5aac5ba805825da76410c181273ba90b1	2026-10-06T19:23:45.2057058Z Adding repository directory to the temporary git global config as a safe directory
Deploy to temporary Kubernetes	Run actions/checkout@3d3c42e5aac5ba805825da76410c181273ba90b1	2026-10-06T19:23:45.2062521Z [command]/usr/bin/git config --global --add safe.directory /home/runner/work/devops-devsecops-demo/devops-devsecops-demo
Deploy to temporary Kubernetes	Run actions/checkout@3d3c42e5aac5ba805825da76410c181273ba90b1	2026-10-06T19:23:45.2105671Z Deleting the contents of '/home/runner/work/devops-devsecops-demo/devops-devsecops-demo'
Deploy to temporary Kubernetes	Run actions/checkout@3d3c42e5aac5ba805825da76410c181273ba90b1	2026-10-06T19:23:45.2108587Z ##[group]Determining repository object format
Deploy to temporary Kubernetes	Run actions/checkout@3d3c42e5aac5ba805825da76410c181273ba90b1	2026-10-06T19:23:45.2109934Z ##[endgroup]
Deploy to temporary Kubernetes	Run actions/checkout@3d3c42e5aac5ba805825da76410c181273ba90b1	2026-10-06T19:23:45.2110872Z ##[group]Initializing the repository
Deploy to temporary Kubernetes	Run actions/checkout@3d3c42e5aac5ba805825da76410c181273ba90b1	2026-10-06T19:23:45.2114465Z [command]/usr/bin/git init /home/runner/work/devops-devsecops-demo/devops-devsecops-demo
Deploy to temporary Kubernetes	Run actions/checkout@3d3c42e5aac5ba805825da76410c181273ba90b1	2026-10-06T19:23:45.2215286Z hint: Using 'master' as the name for the initial branch. This default branch name
Deploy to temporary Kubernetes	Run actions/checkout@3d3c42e5aac5ba805825da76410c181273ba90b1	2026-10-06T19:23:45.2216681Z hint: will change to "main" in Git 3.0. To configure the initial branch name
Deploy to temporary Kubernetes	Run actions/checkout@3d3c42e5aac5ba805825da76410c181273ba90b1	2026-10-06T19:23:45.2217829Z hint: to use in all of your new repositories, which will suppress this warning,
Deploy to temporary Kubernetes	Run actions/checkout@3d3c42e5aac5ba805825da76410c181273ba90b1	2026-10-06T19:23:45.2218725Z hint: call:
Deploy to temporary Kubernetes	Run actions/checkout@3d3c42e5aac5ba805825da76410c181273ba90b1	2026-10-06T19:23:45.2219276Z hint:
Deploy to temporary Kubernetes	Run actions/checkout@3d3c42e5aac5ba805825da76410c181273ba90b1	2026-10-06T19:23:45.2219935Z hint: 	git config --global init.defaultBranch <name>
Deploy to temporary Kubernetes	Run actions/checkout@3d3c42e5aac5ba805825da76410c181273ba90b1	2026-10-06T19:23:45.2220690Z hint:
Deploy to temporary Kubernetes	Run actions/checkout@3d3c42e5aac5ba805825da76410c181273ba90b1	2026-10-06T19:23:45.2221532Z hint: Names commonly chosen instead of 'master' are 'main', 'trunk' and
Deploy to temporary Kubernetes	Run actions/checkout@3d3c42e5aac5ba805825da76410c181273ba90b1	2026-10-06T19:23:45.2222722Z hint: 'development'. The just-created branch can be renamed via this command:
Deploy to temporary Kubernetes	Run actions/checkout@3d3c42e5aac5ba805825da76410c181273ba90b1	2026-10-06T19:23:45.2223762Z hint:
Deploy to temporary Kubernetes	Run actions/checkout@3d3c42e5aac5ba805825da76410c181273ba90b1	2026-10-06T19:23:45.2224267Z hint: 	git branch -m <name>
Deploy to temporary Kubernetes	Run actions/checkout@3d3c42e5aac5ba805825da76410c181273ba90b1	2026-10-06T19:23:45.2224835Z hint:
Deploy to temporary Kubernetes	Run actions/checkout@3d3c42e5aac5ba805825da76410c181273ba90b1	2026-10-06T19:23:45.2225594Z hint: Disable this message with "git config set advice.defaultBranchName false"
Deploy to temporary Kubernetes	Run actions/checkout@3d3c42e5aac5ba805825da76410c181273ba90b1	2026-10-06T19:23:45.2227021Z Initialized empty Git repository in /home/runner/work/devops-devsecops-demo/devops-devsecops-demo/.git/
Deploy to temporary Kubernetes	Run actions/checkout@3d3c42e5aac5ba805825da76410c181273ba90b1	2026-10-06T19:23:45.2229675Z [command]/usr/bin/git remote add origin https://github.com/vimalyad/devops-devsecops-demo
Deploy to temporary Kubernetes	Run actions/checkout@3d3c42e5aac5ba805825da76410c181273ba90b1	2026-10-06T19:23:45.2281774Z ##[endgroup]
Deploy to temporary Kubernetes	Run actions/checkout@3d3c42e5aac5ba805825da76410c181273ba90b1	2026-10-06T19:23:45.2282887Z ##[group]Disabling automatic garbage collection
Deploy to temporary Kubernetes	Run actions/checkout@3d3c42e5aac5ba805825da76410c181273ba90b1	2026-10-06T19:23:45.2284639Z [command]/usr/bin/git config --local gc.auto 0
Deploy to temporary Kubernetes	Run actions/checkout@3d3c42e5aac5ba805825da76410c181273ba90b1	2026-10-06T19:23:45.2312245Z ##[endgroup]
Deploy to temporary Kubernetes	Run actions/checkout@3d3c42e5aac5ba805825da76410c181273ba90b1	2026-10-06T19:23:45.2313406Z ##[group]Setting up auth
Deploy to temporary Kubernetes	Run actions/checkout@3d3c42e5aac5ba805825da76410c181273ba90b1	2026-10-06T19:23:45.2314031Z Removing SSH command configuration
Deploy to temporary Kubernetes	Run actions/checkout@3d3c42e5aac5ba805825da76410c181273ba90b1	2026-10-06T19:23:45.2332122Z [command]/usr/bin/git config --local --name-only --get-regexp core\.sshCommand
Deploy to temporary Kubernetes	Run actions/checkout@3d3c42e5aac5ba805825da76410c181273ba90b1	2026-10-06T19:23:45.2346663Z [command]/usr/bin/git submodule foreach --recursive sh -c "git config --local --name-only --get-regexp 'core\.sshCommand' && git config --local --unset-all 'core.sshCommand' || :"
Deploy to temporary Kubernetes	Run actions/checkout@3d3c42e5aac5ba805825da76410c181273ba90b1	2026-10-06T19:23:45.3109772Z Removing HTTP extra header
Deploy to temporary Kubernetes	Run actions/checkout@3d3c42e5aac5ba805825da76410c181273ba90b1	2026-10-06T19:23:45.3115013Z [command]/usr/bin/git config --local --name-only --get-regexp http\.https\:\/\/github\.com\/\.extraheader
Deploy to temporary Kubernetes	Run actions/checkout@3d3c42e5aac5ba805825da76410c181273ba90b1	2026-10-06T19:23:45.3145027Z [command]/usr/bin/git submodule foreach --recursive sh -c "git config --local --name-only --get-regexp 'http\.https\:\/\/github\.com\/\.extraheader' && git config --local --unset-all 'http.https://github.com/.extraheader' || :"
Deploy to temporary Kubernetes	Run actions/checkout@3d3c42e5aac5ba805825da76410c181273ba90b1	2026-10-06T19:23:45.3327756Z Removing includeIf entries pointing to credentials config files
Deploy to temporary Kubernetes	Run actions/checkout@3d3c42e5aac5ba805825da76410c181273ba90b1	2026-10-06T19:23:45.3331691Z [command]/usr/bin/git config --local --name-only --get-regexp ^includeIf\.gitdir:
Deploy to temporary Kubernetes	Run actions/checkout@3d3c42e5aac5ba805825da76410c181273ba90b1	2026-10-06T19:23:45.3360854Z [command]/usr/bin/git submodule foreach --recursive git config --local --show-origin --name-only --get-regexp remote.origin.url
Deploy to temporary Kubernetes	Run actions/checkout@3d3c42e5aac5ba805825da76410c181273ba90b1	2026-10-06T19:23:45.3557980Z [command]/usr/bin/git config --file /home/runner/work/_temp/git-credentials-4d728585-ccc3-49f9-bdf4-78c2ac70c05b.config http.https://github.com/.extraheader AUTHORIZATION: basic ***
Deploy to temporary Kubernetes	Run actions/checkout@3d3c42e5aac5ba805825da76410c181273ba90b1	2026-10-06T19:23:45.3592014Z [command]/usr/bin/git config --local includeIf.gitdir:/home/runner/work/devops-devsecops-demo/devops-devsecops-demo/.git.path /home/runner/work/_temp/git-credentials-4d728585-ccc3-49f9-bdf4-78c2ac70c05b.config
Deploy to temporary Kubernetes	Run actions/checkout@3d3c42e5aac5ba805825da76410c181273ba90b1	2026-10-06T19:23:45.3622507Z [command]/usr/bin/git config --local includeIf.gitdir:/home/runner/work/devops-devsecops-demo/devops-devsecops-demo/.git/worktrees/*.path /home/runner/work/_temp/git-credentials-4d728585-ccc3-49f9-bdf4-78c2ac70c05b.config
Deploy to temporary Kubernetes	Run actions/checkout@3d3c42e5aac5ba805825da76410c181273ba90b1	2026-10-06T19:23:45.3654467Z [command]/usr/bin/git config --local includeIf.gitdir:/github/workspace/.git.path /github/runner_temp/git-credentials-4d728585-ccc3-49f9-bdf4-78c2ac70c05b.config
Deploy to temporary Kubernetes	Run actions/checkout@3d3c42e5aac5ba805825da76410c181273ba90b1	2026-10-06T19:23:45.3685295Z [command]/usr/bin/git config --local includeIf.gitdir:/github/workspace/.git/worktrees/*.path /github/runner_temp/git-credentials-4d728585-ccc3-49f9-bdf4-78c2ac70c05b.config
Deploy to temporary Kubernetes	Run actions/checkout@3d3c42e5aac5ba805825da76410c181273ba90b1	2026-10-06T19:23:45.3712156Z ##[endgroup]
Deploy to temporary Kubernetes	Run actions/checkout@3d3c42e5aac5ba805825da76410c181273ba90b1	2026-10-06T19:23:45.3712793Z ##[group]Fetching the repository
Deploy to temporary Kubernetes	Run actions/checkout@3d3c42e5aac5ba805825da76410c181273ba90b1	2026-10-06T19:23:45.3717736Z [command]/usr/bin/git -c protocol.version=2 fetch --no-tags --prune --no-recurse-submodules origin +refs/heads/*:refs/remotes/origin/* +refs/tags/*:refs/tags/*
Deploy to temporary Kubernetes	Run actions/checkout@3d3c42e5aac5ba805825da76410c181273ba90b1	2026-10-06T19:23:45.9004697Z From https://github.com/vimalyad/devops-devsecops-demo
Deploy to temporary Kubernetes	Run actions/checkout@3d3c42e5aac5ba805825da76410c181273ba90b1	2026-10-06T19:23:45.9006426Z  * [new branch]      assignment/complete-pipeline -> origin/assignment/complete-pipeline
Deploy to temporary Kubernetes	Run actions/checkout@3d3c42e5aac5ba805825da76410c181273ba90b1	2026-10-06T19:23:45.9007485Z  * [new branch]      exercise/weak-digest -> origin/exercise/weak-digest
Deploy to temporary Kubernetes	Run actions/checkout@3d3c42e5aac5ba805825da76410c181273ba90b1	2026-10-06T19:23:45.9008167Z  * [new branch]      main                 -> origin/main
Deploy to temporary Kubernetes	Run actions/checkout@3d3c42e5aac5ba805825da76410c181273ba90b1	2026-10-06T19:23:45.9012244Z [command]/usr/bin/git branch --list --remote origin/assignment/complete-pipeline
Deploy to temporary Kubernetes	Run actions/checkout@3d3c42e5aac5ba805825da76410c181273ba90b1	2026-10-06T19:23:45.9038115Z   origin/assignment/complete-pipeline
Deploy to temporary Kubernetes	Run actions/checkout@3d3c42e5aac5ba805825da76410c181273ba90b1	2026-10-06T19:23:45.9044672Z [command]/usr/bin/git rev-parse refs/remotes/origin/assignment/complete-pipeline
Deploy to temporary Kubernetes	Run actions/checkout@3d3c42e5aac5ba805825da76410c181273ba90b1	2026-10-06T19:23:45.9066702Z 7f521b7dfc61f65934565c868cff408fb6f0a489
Deploy to temporary Kubernetes	Run actions/checkout@3d3c42e5aac5ba805825da76410c181273ba90b1	2026-10-06T19:23:45.9070009Z ##[endgroup]
Deploy to temporary Kubernetes	Run actions/checkout@3d3c42e5aac5ba805825da76410c181273ba90b1	2026-10-06T19:23:45.9070884Z ##[group]Determining the checkout info
Deploy to temporary Kubernetes	Run actions/checkout@3d3c42e5aac5ba805825da76410c181273ba90b1	2026-10-06T19:23:45.9071830Z ##[endgroup]
Deploy to temporary Kubernetes	Run actions/checkout@3d3c42e5aac5ba805825da76410c181273ba90b1	2026-10-06T19:23:45.9074082Z [command]/usr/bin/git sparse-checkout disable
Deploy to temporary Kubernetes	Run actions/checkout@3d3c42e5aac5ba805825da76410c181273ba90b1	2026-10-06T19:23:45.9118947Z [command]/usr/bin/git config --local --unset-all extensions.worktreeConfig
Deploy to temporary Kubernetes	Run actions/checkout@3d3c42e5aac5ba805825da76410c181273ba90b1	2026-10-06T19:23:45.9148287Z ##[group]Checking out the ref
Deploy to temporary Kubernetes	Run actions/checkout@3d3c42e5aac5ba805825da76410c181273ba90b1	2026-10-06T19:23:45.9151684Z [command]/usr/bin/git checkout --progress --force -B assignment/complete-pipeline refs/remotes/origin/assignment/complete-pipeline
Deploy to temporary Kubernetes	Run actions/checkout@3d3c42e5aac5ba805825da76410c181273ba90b1	2026-10-06T19:23:45.9214940Z Switched to a new branch 'assignment/complete-pipeline'
Deploy to temporary Kubernetes	Run actions/checkout@3d3c42e5aac5ba805825da76410c181273ba90b1	2026-10-06T19:23:45.9220511Z branch 'assignment/complete-pipeline' set up to track 'origin/assignment/complete-pipeline'.
Deploy to temporary Kubernetes	Run actions/checkout@3d3c42e5aac5ba805825da76410c181273ba90b1	2026-10-06T19:23:45.9226582Z ##[endgroup]
Deploy to temporary Kubernetes	Run actions/checkout@3d3c42e5aac5ba805825da76410c181273ba90b1	2026-10-06T19:23:45.9264237Z [command]/usr/bin/git log -1 --format=%H
Deploy to temporary Kubernetes	Run actions/checkout@3d3c42e5aac5ba805825da76410c181273ba90b1	2026-10-06T19:23:45.9288804Z 7f521b7dfc61f65934565c868cff408fb6f0a489
Deploy to temporary Kubernetes	Run actions/checkout@3d3c42e5aac5ba805825da76410c181273ba90b1	2026-10-06T19:23:45.9295840Z ##[group]Removing auth
Deploy to temporary Kubernetes	Run actions/checkout@3d3c42e5aac5ba805825da76410c181273ba90b1	2026-10-06T19:23:45.9296594Z Removing SSH command configuration
Deploy to temporary Kubernetes	Run actions/checkout@3d3c42e5aac5ba805825da76410c181273ba90b1	2026-10-06T19:23:45.9298814Z [command]/usr/bin/git config --local --name-only --get-regexp core\.sshCommand
Deploy to temporary Kubernetes	Run actions/checkout@3d3c42e5aac5ba805825da76410c181273ba90b1	2026-10-06T19:23:45.9328381Z [command]/usr/bin/git submodule foreach --recursive sh -c "git config --local --name-only --get-regexp 'core\.sshCommand' && git config --local --unset-all 'core.sshCommand' || :"
Deploy to temporary Kubernetes	Run actions/checkout@3d3c42e5aac5ba805825da76410c181273ba90b1	2026-10-06T19:23:45.9529830Z Removing HTTP extra header
Deploy to temporary Kubernetes	Run actions/checkout@3d3c42e5aac5ba805825da76410c181273ba90b1	2026-10-06T19:23:45.9532776Z [command]/usr/bin/git config --local --name-only --get-regexp http\.https\:\/\/github\.com\/\.extraheader
Deploy to temporary Kubernetes	Run actions/checkout@3d3c42e5aac5ba805825da76410c181273ba90b1	2026-10-06T19:23:45.9563028Z [command]/usr/bin/git submodule foreach --recursive sh -c "git config --local --name-only --get-regexp 'http\.https\:\/\/github\.com\/\.extraheader' && git config --local --unset-all 'http.https://github.com/.extraheader' || :"
Deploy to temporary Kubernetes	Run actions/checkout@3d3c42e5aac5ba805825da76410c181273ba90b1	2026-10-06T19:23:45.9747881Z Removing includeIf entries pointing to credentials config files
Deploy to temporary Kubernetes	Run actions/checkout@3d3c42e5aac5ba805825da76410c181273ba90b1	2026-10-06T19:23:45.9750297Z [command]/usr/bin/git config --local --name-only --get-regexp ^includeIf\.gitdir:
Deploy to temporary Kubernetes	Run actions/checkout@3d3c42e5aac5ba805825da76410c181273ba90b1	2026-10-06T19:23:45.9778327Z includeif.gitdir:/home/runner/work/devops-devsecops-demo/devops-devsecops-demo/.git.path
Deploy to temporary Kubernetes	Run actions/checkout@3d3c42e5aac5ba805825da76410c181273ba90b1	2026-10-06T19:23:45.9779551Z includeif.gitdir:/home/runner/work/devops-devsecops-demo/devops-devsecops-demo/.git/worktrees/*.path
Deploy to temporary Kubernetes	Run actions/checkout@3d3c42e5aac5ba805825da76410c181273ba90b1	2026-10-06T19:23:45.9780670Z includeif.gitdir:/github/workspace/.git.path
Deploy to temporary Kubernetes	Run actions/checkout@3d3c42e5aac5ba805825da76410c181273ba90b1	2026-10-06T19:23:45.9781679Z includeif.gitdir:/github/workspace/.git/worktrees/*.path
Deploy to temporary Kubernetes	Run actions/checkout@3d3c42e5aac5ba805825da76410c181273ba90b1	2026-10-06T19:23:45.9785308Z [command]/usr/bin/git config --local --get-all includeif.gitdir:/home/runner/work/devops-devsecops-demo/devops-devsecops-demo/.git.path
Deploy to temporary Kubernetes	Run actions/checkout@3d3c42e5aac5ba805825da76410c181273ba90b1	2026-10-06T19:23:45.9808205Z /home/runner/work/_temp/git-credentials-4d728585-ccc3-49f9-bdf4-78c2ac70c05b.config
Deploy to temporary Kubernetes	Run actions/checkout@3d3c42e5aac5ba805825da76410c181273ba90b1	2026-10-06T19:23:45.9816431Z [command]/usr/bin/git config --local --unset includeif.gitdir:/home/runner/work/devops-devsecops-demo/devops-devsecops-demo/.git.path \/home\/runner\/work\/_temp\/git\-credentials\-4d728585\-ccc3\-49f9\-bdf4\-78c2ac70c05b\.config
Deploy to temporary Kubernetes	Run actions/checkout@3d3c42e5aac5ba805825da76410c181273ba90b1	2026-10-06T19:23:45.9855586Z [command]/usr/bin/git config --local --get-all includeif.gitdir:/home/runner/work/devops-devsecops-demo/devops-devsecops-demo/.git/worktrees/*.path
Deploy to temporary Kubernetes	Run actions/checkout@3d3c42e5aac5ba805825da76410c181273ba90b1	2026-10-06T19:23:45.9888010Z /home/runner/work/_temp/git-credentials-4d728585-ccc3-49f9-bdf4-78c2ac70c05b.config
Deploy to temporary Kubernetes	Run actions/checkout@3d3c42e5aac5ba805825da76410c181273ba90b1	2026-10-06T19:23:45.9895778Z [command]/usr/bin/git config --local --unset includeif.gitdir:/home/runner/work/devops-devsecops-demo/devops-devsecops-demo/.git/worktrees/*.path \/home\/runner\/work\/_temp\/git\-credentials\-4d728585\-ccc3\-49f9\-bdf4\-78c2ac70c05b\.config
Deploy to temporary Kubernetes	Run actions/checkout@3d3c42e5aac5ba805825da76410c181273ba90b1	2026-10-06T19:23:45.9927546Z [command]/usr/bin/git config --local --get-all includeif.gitdir:/github/workspace/.git.path
Deploy to temporary Kubernetes	Run actions/checkout@3d3c42e5aac5ba805825da76410c181273ba90b1	2026-10-06T19:23:45.9983286Z /github/runner_temp/git-credentials-4d728585-ccc3-49f9-bdf4-78c2ac70c05b.config
Deploy to temporary Kubernetes	Run actions/checkout@3d3c42e5aac5ba805825da76410c181273ba90b1	2026-10-06T19:23:45.9995160Z [command]/usr/bin/git config --local --unset includeif.gitdir:/github/workspace/.git.path \/github\/runner_temp\/git\-credentials\-4d728585\-ccc3\-49f9\-bdf4\-78c2ac70c05b\.config
Deploy to temporary Kubernetes	Run actions/checkout@3d3c42e5aac5ba805825da76410c181273ba90b1	2026-10-06T19:23:46.0055390Z [command]/usr/bin/git config --local --get-all includeif.gitdir:/github/workspace/.git/worktrees/*.path
Deploy to temporary Kubernetes	Run actions/checkout@3d3c42e5aac5ba805825da76410c181273ba90b1	2026-10-06T19:23:46.0086115Z /github/runner_temp/git-credentials-4d728585-ccc3-49f9-bdf4-78c2ac70c05b.config
Deploy to temporary Kubernetes	Run actions/checkout@3d3c42e5aac5ba805825da76410c181273ba90b1	2026-10-06T19:23:46.0095147Z [command]/usr/bin/git config --local --unset includeif.gitdir:/github/workspace/.git/worktrees/*.path \/github\/runner_temp\/git\-credentials\-4d728585\-ccc3\-49f9\-bdf4\-78c2ac70c05b\.config
Deploy to temporary Kubernetes	Run actions/checkout@3d3c42e5aac5ba805825da76410c181273ba90b1	2026-10-06T19:23:46.0137398Z [command]/usr/bin/git submodule foreach --recursive git config --local --show-origin --name-only --get-regexp remote.origin.url
Deploy to temporary Kubernetes	Run actions/checkout@3d3c42e5aac5ba805825da76410c181273ba90b1	2026-10-06T19:23:46.0335445Z Removing credentials config '/home/runner/work/_temp/git-credentials-4d728585-ccc3-49f9-bdf4-78c2ac70c05b.config'
Deploy to temporary Kubernetes	Run actions/checkout@3d3c42e5aac5ba805825da76410c181273ba90b1	2026-10-06T19:23:46.0343855Z ##[endgroup]
Deploy to temporary Kubernetes	Run actions/download-artifact@3e5f45b2cfb9172054b4087a40e8e0b5a5461e7c	﻿2026-10-06T19:23:46.0609848Z ##[group]Run actions/download-artifact@3e5f45b2cfb9172054b4087a40e8e0b5a5461e7c
Deploy to temporary Kubernetes	Run actions/download-artifact@3e5f45b2cfb9172054b4087a40e8e0b5a5461e7c	2026-10-06T19:23:46.0610526Z with:
Deploy to temporary Kubernetes	Run actions/download-artifact@3e5f45b2cfb9172054b4087a40e8e0b5a5461e7c	2026-10-06T19:23:46.0610878Z   name: container-image
Deploy to temporary Kubernetes	Run actions/download-artifact@3e5f45b2cfb9172054b4087a40e8e0b5a5461e7c	2026-10-06T19:23:46.0611507Z   path: .
Deploy to temporary Kubernetes	Run actions/download-artifact@3e5f45b2cfb9172054b4087a40e8e0b5a5461e7c	2026-10-06T19:23:46.0611867Z   merge-multiple: false
Deploy to temporary Kubernetes	Run actions/download-artifact@3e5f45b2cfb9172054b4087a40e8e0b5a5461e7c	2026-10-06T19:23:46.0612295Z   repository: vimalyad/devops-devsecops-demo
Deploy to temporary Kubernetes	Run actions/download-artifact@3e5f45b2cfb9172054b4087a40e8e0b5a5461e7c	2026-10-06T19:23:46.0612775Z   run-id: 37518286603
Deploy to temporary Kubernetes	Run actions/download-artifact@3e5f45b2cfb9172054b4087a40e8e0b5a5461e7c	2026-10-06T19:23:46.0613166Z   skip-decompress: false
Deploy to temporary Kubernetes	Run actions/download-artifact@3e5f45b2cfb9172054b4087a40e8e0b5a5461e7c	2026-10-06T19:23:46.0613593Z   digest-mismatch: error
Deploy to temporary Kubernetes	Run actions/download-artifact@3e5f45b2cfb9172054b4087a40e8e0b5a5461e7c	2026-10-06T19:23:46.0613986Z env:
Deploy to temporary Kubernetes	Run actions/download-artifact@3e5f45b2cfb9172054b4087a40e8e0b5a5461e7c	2026-10-06T19:23:46.0614621Z   IMAGE: ghcr.io/vimalyad/devops-devsecops-demo:sha-7f521b7dfc61f65934565c868cff408fb6f0a489
Deploy to temporary Kubernetes	Run actions/download-artifact@3e5f45b2cfb9172054b4087a40e8e0b5a5461e7c	2026-10-06T19:23:46.0615444Z   EXPECTED_VERSION: 7f521b7dfc61f65934565c868cff408fb6f0a489
Deploy to temporary Kubernetes	Run actions/download-artifact@3e5f45b2cfb9172054b4087a40e8e0b5a5461e7c	2026-10-06T19:23:46.0615994Z ##[endgroup]
Deploy to temporary Kubernetes	Run actions/download-artifact@3e5f45b2cfb9172054b4087a40e8e0b5a5461e7c	2026-10-06T19:23:46.1635871Z Downloading single artifact
Deploy to temporary Kubernetes	Run actions/download-artifact@3e5f45b2cfb9172054b4087a40e8e0b5a5461e7c	2026-10-06T19:23:46.3829387Z Preparing to download the following artifacts:
Deploy to temporary Kubernetes	Run actions/download-artifact@3e5f45b2cfb9172054b4087a40e8e0b5a5461e7c	2026-10-06T19:23:46.3831749Z - container-image (ID: 11438102643, Size: 2855736, Expected Digest: sha256:d23e27152584bf020e6e61adf5c29a18046ad52d70443df2cae2dad8830e1688)
Deploy to temporary Kubernetes	Run actions/download-artifact@3e5f45b2cfb9172054b4087a40e8e0b5a5461e7c	2026-10-06T19:23:46.8576773Z Redirecting to blob download url: https://productionresultssa2.blob.core.windows.net/actions-results/347a24c4-73e9-8739-856d-b8188ae5a3c1/workflow-job-run-7e99ee98-7abb-594f-8529-78c2f230ab8a/artifacts/2ec6ba5d5fafce5fe95b5f7b03e5a4ebcb5a1ce1017d9a1803df7f76a31adcf3.zip
Deploy to temporary Kubernetes	Run actions/download-artifact@3e5f45b2cfb9172054b4087a40e8e0b5a5461e7c	2026-10-06T19:23:46.8583399Z Starting download of artifact to: /home/runner/work/devops-devsecops-demo/devops-devsecops-demo
Deploy to temporary Kubernetes	Run actions/download-artifact@3e5f45b2cfb9172054b4087a40e8e0b5a5461e7c	2026-10-06T19:23:47.1255981Z (node:2162) [DEP0005] DeprecationWarning: Buffer() is deprecated due to security and usability issues. Please use the Buffer.alloc(), Buffer.allocUnsafe(), or Buffer.from() methods instead.
Deploy to temporary Kubernetes	Run actions/download-artifact@3e5f45b2cfb9172054b4087a40e8e0b5a5461e7c	2026-10-06T19:23:47.1257579Z (Use `node --trace-deprecation ...` to show where the warning was created)
Deploy to temporary Kubernetes	Run actions/download-artifact@3e5f45b2cfb9172054b4087a40e8e0b5a5461e7c	2026-10-06T19:23:47.7092267Z SHA256 digest of downloaded artifact is d23e27152584bf020e6e61adf5c29a18046ad52d70443df2cae2dad8830e1688
Deploy to temporary Kubernetes	Run actions/download-artifact@3e5f45b2cfb9172054b4087a40e8e0b5a5461e7c	2026-10-06T19:23:47.7092867Z Artifact download completed successfully.
Deploy to temporary Kubernetes	Run actions/download-artifact@3e5f45b2cfb9172054b4087a40e8e0b5a5461e7c	2026-10-06T19:23:47.7093491Z Total of 1 artifact(s) downloaded
Deploy to temporary Kubernetes	Run actions/download-artifact@3e5f45b2cfb9172054b4087a40e8e0b5a5461e7c	2026-10-06T19:23:47.7095234Z Download artifact has finished successfully
Deploy to temporary Kubernetes	Install pinned Kubernetes tools	﻿2026-10-06T19:23:47.7203358Z ##[group]Run python3 scripts/install-tools.py kind kubectl
Deploy to temporary Kubernetes	Install pinned Kubernetes tools	2026-10-06T19:23:47.7203875Z ^[[36;1mpython3 scripts/install-tools.py kind kubectl^[[0m
Deploy to temporary Kubernetes	Install pinned Kubernetes tools	2026-10-06T19:23:47.7454989Z shell: /usr/bin/bash --noprofile --norc -e -o pipefail {0}
Deploy to temporary Kubernetes	Install pinned Kubernetes tools	2026-10-06T19:23:47.7455395Z env:
Deploy to temporary Kubernetes	Install pinned Kubernetes tools	2026-10-06T19:23:47.7455767Z   IMAGE: ghcr.io/vimalyad/devops-devsecops-demo:sha-7f521b7dfc61f65934565c868cff408fb6f0a489
Deploy to temporary Kubernetes	Install pinned Kubernetes tools	2026-10-06T19:23:47.7456228Z   EXPECTED_VERSION: 7f521b7dfc61f65934565c868cff408fb6f0a489
Deploy to temporary Kubernetes	Install pinned Kubernetes tools	2026-10-06T19:23:47.7456526Z ##[endgroup]
Deploy to temporary Kubernetes	Install pinned Kubernetes tools	2026-10-06T19:23:48.1306741Z Installed kind v0.33.0; SHA256 verified
Deploy to temporary Kubernetes	Install pinned Kubernetes tools	2026-10-06T19:23:48.4162292Z Installed kubectl v1.37.1; SHA256 verified
Deploy to temporary Kubernetes	Load the verified build artifact	﻿2026-10-06T19:23:48.4268847Z ##[group]Run docker load -i image.tar
Deploy to temporary Kubernetes	Load the verified build artifact	2026-10-06T19:23:48.4269146Z ^[[36;1mdocker load -i image.tar^[[0m
Deploy to temporary Kubernetes	Load the verified build artifact	2026-10-06T19:23:48.4326804Z shell: /usr/bin/bash --noprofile --norc -e -o pipefail {0}
Deploy to temporary Kubernetes	Load the verified build artifact	2026-10-06T19:23:48.4327109Z env:
Deploy to temporary Kubernetes	Load the verified build artifact	2026-10-06T19:23:48.4327460Z   IMAGE: ghcr.io/vimalyad/devops-devsecops-demo:sha-7f521b7dfc61f65934565c868cff408fb6f0a489
Deploy to temporary Kubernetes	Load the verified build artifact	2026-10-06T19:23:48.4327873Z   EXPECTED_VERSION: 7f521b7dfc61f65934565c868cff408fb6f0a489
Deploy to temporary Kubernetes	Load the verified build artifact	2026-10-06T19:23:48.4328132Z ##[endgroup]
Deploy to temporary Kubernetes	Load the verified build artifact	2026-10-06T19:23:48.6138209Z Loaded image: ghcr.io/vimalyad/devops-devsecops-demo:sha-7f521b7dfc61f65934565c868cff408fb6f0a489
Deploy to temporary Kubernetes	Retrieve the published image from GHCR	﻿2026-10-06T19:23:48.6206309Z ##[group]Run printf '%s' "$REGISTRY_TOKEN" | docker login ghcr.io -u "$GITHUB_ACTOR" --password-stdin
Deploy to temporary Kubernetes	Retrieve the published image from GHCR	2026-10-06T19:23:48.6206901Z ^[[36;1mprintf '%s' "$REGISTRY_TOKEN" | docker login ghcr.io -u "$GITHUB_ACTOR" --password-stdin^[[0m
Deploy to temporary Kubernetes	Retrieve the published image from GHCR	2026-10-06T19:23:48.6207272Z ^[[36;1mmkdir -p reports^[[0m
Deploy to temporary Kubernetes	Retrieve the published image from GHCR	2026-10-06T19:23:48.6207543Z ^[[36;1mdocker pull "$IMAGE" | tee reports/registry-pull.txt^[[0m
Deploy to temporary Kubernetes	Retrieve the published image from GHCR	2026-10-06T19:23:48.6207847Z ^[[36;1mdocker logout ghcr.io^[[0m
Deploy to temporary Kubernetes	Retrieve the published image from GHCR	2026-10-06T19:23:48.6265346Z shell: /usr/bin/bash --noprofile --norc -e -o pipefail {0}
Deploy to temporary Kubernetes	Retrieve the published image from GHCR	2026-10-06T19:23:48.6265636Z env:
Deploy to temporary Kubernetes	Retrieve the published image from GHCR	2026-10-06T19:23:48.6265974Z   IMAGE: ghcr.io/vimalyad/devops-devsecops-demo:sha-7f521b7dfc61f65934565c868cff408fb6f0a489
Deploy to temporary Kubernetes	Retrieve the published image from GHCR	2026-10-06T19:23:48.6266405Z   EXPECTED_VERSION: 7f521b7dfc61f65934565c868cff408fb6f0a489
Deploy to temporary Kubernetes	Retrieve the published image from GHCR	2026-10-06T19:23:48.6268795Z   REGISTRY_TOKEN: ***
Deploy to temporary Kubernetes	Retrieve the published image from GHCR	2026-10-06T19:23:48.6269003Z ##[endgroup]
Deploy to temporary Kubernetes	Retrieve the published image from GHCR	2026-10-06T19:23:49.2448341Z 
Deploy to temporary Kubernetes	Retrieve the published image from GHCR	2026-10-06T19:23:49.2448856Z Login Succeeded
Deploy to temporary Kubernetes	Retrieve the published image from GHCR	2026-10-06T19:23:49.2449552Z WARNING! Your credentials are stored unencrypted in '/home/runner/.docker/config.json'.
Deploy to temporary Kubernetes	Retrieve the published image from GHCR	2026-10-06T19:23:49.2450268Z Configure a credential helper to remove this warning. See
Deploy to temporary Kubernetes	Retrieve the published image from GHCR	2026-10-06T19:23:49.2450705Z https://docs.docker.com/go/credential-store/
Deploy to temporary Kubernetes	Retrieve the published image from GHCR	2026-10-06T19:23:49.2450950Z 
Deploy to temporary Kubernetes	Retrieve the published image from GHCR	2026-10-06T19:23:50.7493286Z sha-7f521b7dfc61f65934565c868cff408fb6f0a489: Pulling from vimalyad/devops-devsecops-demo
Deploy to temporary Kubernetes	Retrieve the published image from GHCR	2026-10-06T19:23:50.7503252Z Digest: sha256:b15574d22fbe05e7d801504904dd3b56b20986b3f6c3fde51bce6d0c688eb1af
Deploy to temporary Kubernetes	Retrieve the published image from GHCR	2026-10-06T19:23:50.7512825Z Status: Image is up to date for ghcr.io/vimalyad/devops-devsecops-demo:sha-7f521b7dfc61f65934565c868cff408fb6f0a489
Deploy to temporary Kubernetes	Retrieve the published image from GHCR	2026-10-06T19:23:50.7520201Z ghcr.io/vimalyad/devops-devsecops-demo:sha-7f521b7dfc61f65934565c868cff408fb6f0a489
Deploy to temporary Kubernetes	Retrieve the published image from GHCR	2026-10-06T19:23:50.7628226Z Removing login credentials for ghcr.io
Deploy to temporary Kubernetes	Deploy, verify application behavior and clean up	﻿2026-10-06T19:23:50.7669487Z ##[group]Run bash scripts/deploy.sh "$IMAGE"
Deploy to temporary Kubernetes	Deploy, verify application behavior and clean up	2026-10-06T19:23:50.7669776Z ^[[36;1mbash scripts/deploy.sh "$IMAGE"^[[0m
Deploy to temporary Kubernetes	Deploy, verify application behavior and clean up	2026-10-06T19:23:50.7724630Z shell: /usr/bin/bash --noprofile --norc -e -o pipefail {0}
Deploy to temporary Kubernetes	Deploy, verify application behavior and clean up	2026-10-06T19:23:50.7724906Z env:
Deploy to temporary Kubernetes	Deploy, verify application behavior and clean up	2026-10-06T19:23:50.7725220Z   IMAGE: ghcr.io/vimalyad/devops-devsecops-demo:sha-7f521b7dfc61f65934565c868cff408fb6f0a489
Deploy to temporary Kubernetes	Deploy, verify application behavior and clean up	2026-10-06T19:23:50.7725632Z   EXPECTED_VERSION: 7f521b7dfc61f65934565c868cff408fb6f0a489
Deploy to temporary Kubernetes	Deploy, verify application behavior and clean up	2026-10-06T19:23:50.7725895Z ##[endgroup]
Deploy to temporary Kubernetes	Deploy, verify application behavior and clean up	2026-10-06T19:23:50.9833430Z Creating cluster "assignment-37518286603-1" ...
Deploy to temporary Kubernetes	Deploy, verify application behavior and clean up	2026-10-06T19:23:50.9834287Z  • Ensuring node image (kindest/node:v1.37.0) 🖼️  ...
Deploy to temporary Kubernetes	Deploy, verify application behavior and clean up	2026-10-06T19:24:04.5502096Z  ✓ Ensuring node image (kindest/node:v1.37.0) 🖼️
Deploy to temporary Kubernetes	Deploy, verify application behavior and clean up	2026-10-06T19:24:04.5502977Z  • Preparing nodes 📦   ...
Deploy to temporary Kubernetes	Deploy, verify application behavior and clean up	2026-10-06T19:24:07.7166476Z  ✓ Preparing nodes 📦 
Deploy to temporary Kubernetes	Deploy, verify application behavior and clean up	2026-10-06T19:24:07.7377749Z  • Writing configuration 📜  ...
Deploy to temporary Kubernetes	Deploy, verify application behavior and clean up	2026-10-06T19:24:07.8816380Z  ✓ Writing configuration 📜
Deploy to temporary Kubernetes	Deploy, verify application behavior and clean up	2026-10-06T19:24:07.8816872Z  • Starting control-plane 🕹️  ...
Deploy to temporary Kubernetes	Deploy, verify application behavior and clean up	2026-10-06T19:24:16.2159160Z  ✓ Starting control-plane 🕹️
Deploy to temporary Kubernetes	Deploy, verify application behavior and clean up	2026-10-06T19:24:16.2159552Z  • Installing CNI 🔌  ...
Deploy to temporary Kubernetes	Deploy, verify application behavior and clean up	2026-10-06T19:24:16.4576133Z  ✓ Installing CNI 🔌
Deploy to temporary Kubernetes	Deploy, verify application behavior and clean up	2026-10-06T19:24:16.4577865Z  • Installing StorageClass 💾  ...
Deploy to temporary Kubernetes	Deploy, verify application behavior and clean up	2026-10-06T19:24:16.7146498Z  ✓ Installing StorageClass 💾
Deploy to temporary Kubernetes	Deploy, verify application behavior and clean up	2026-10-06T19:24:16.7362914Z  • Waiting ≤ 3m0s for control-plane = Ready ⏳  ...
Deploy to temporary Kubernetes	Deploy, verify application behavior and clean up	2026-10-06T19:24:33.0626413Z  ✓ Waiting ≤ 3m0s for control-plane = Ready ⏳
Deploy to temporary Kubernetes	Deploy, verify application behavior and clean up	2026-10-06T19:24:33.0627289Z  • Ready after 16s 💚
Deploy to temporary Kubernetes	Deploy, verify application behavior and clean up	2026-10-06T19:24:33.3162273Z Set kubectl context to "kind-assignment-37518286603-1"
Deploy to temporary Kubernetes	Deploy, verify application behavior and clean up	2026-10-06T19:24:33.3163135Z You can now use your cluster with:
Deploy to temporary Kubernetes	Deploy, verify application behavior and clean up	2026-10-06T19:24:33.3163492Z 
Deploy to temporary Kubernetes	Deploy, verify application behavior and clean up	2026-10-06T19:24:33.3163946Z kubectl cluster-info --context kind-assignment-37518286603-1
Deploy to temporary Kubernetes	Deploy, verify application behavior and clean up	2026-10-06T19:24:33.3164468Z 
Deploy to temporary Kubernetes	Deploy, verify application behavior and clean up	2026-10-06T19:24:33.3165021Z Thanks for using kind! 😊
Deploy to temporary Kubernetes	Deploy, verify application behavior and clean up	2026-10-06T19:24:33.4409524Z Image: "ghcr.io/vimalyad/devops-devsecops-demo:sha-7f521b7dfc61f65934565c868cff408fb6f0a489" with ID "sha256:b8a1ddb2b1a6d695e90efed85f2031ce42423d0c095e2265070713ab4d2798b3" not yet present on node "assignment-37518286603-1-control-plane", loading...
Deploy to temporary Kubernetes	Deploy, verify application behavior and clean up	2026-10-06T19:24:34.2136562Z namespace/assignment created
Deploy to temporary Kubernetes	Deploy, verify application behavior and clean up	2026-10-06T19:24:34.3627629Z deployment.apps/assignment created
Deploy to temporary Kubernetes	Deploy, verify application behavior and clean up	2026-10-06T19:24:34.3807577Z service/assignment created
Deploy to temporary Kubernetes	Deploy, verify application behavior and clean up	2026-10-06T19:24:34.5065023Z Waiting for deployment "assignment" rollout to finish: 0 of 1 updated replicas are available...
Deploy to temporary Kubernetes	Deploy, verify application behavior and clean up	2026-10-06T19:24:37.3546064Z deployment "assignment" successfully rolled out
Deploy to temporary Kubernetes	Deploy, verify application behavior and clean up	2026-10-06T19:24:37.3916347Z NAME                          READY   STATUS    RESTARTS   AGE   IP           NODE                                     NOMINATED NODE   READINESS GATES
Deploy to temporary Kubernetes	Deploy, verify application behavior and clean up	2026-10-06T19:24:37.3917119Z assignment-746b676bbf-fcw4x   1/1     Running   0          3s    10.244.0.5   assignment-37518286603-1-control-plane   <none>           <none>
Deploy to temporary Kubernetes	Deploy, verify application behavior and clean up	2026-10-06T19:24:38.4630601Z GET /healthz 200 {"status": "ok"}
Deploy to temporary Kubernetes	Deploy, verify application behavior and clean up	2026-10-06T19:24:38.4675418Z GET / 200 {"application": "Release Catalog", "storage": "in-memory, single replica", "student": "Vimal Kumar Yadav", "version": "7f521b7dfc61f65934565c868cff408fb6f0a489"}
Deploy to temporary Kubernetes	Deploy, verify application behavior and clean up	2026-10-06T19:24:38.4721456Z POST /api/releases 201 {"id": "658d09a6-228a-49b1-a730-8133dc957ca0", "service": "catalog", "version": "1.0.0", "environment": "staging"}
Deploy to temporary Kubernetes	Deploy, verify application behavior and clean up	2026-10-06T19:24:38.4762725Z GET /api/releases/658d09a6-228a-49b1-a730-8133dc957ca0 200 {"id": "658d09a6-228a-49b1-a730-8133dc957ca0", "service": "catalog", "version": "1.0.0", "environment": "staging"}
Deploy to temporary Kubernetes	Deploy, verify application behavior and clean up	2026-10-06T19:24:38.4792270Z GET /api/releases 200 [{"id": "658d09a6-228a-49b1-a730-8133dc957ca0", "service": "catalog", "version": "1.0.0", "environment": "staging"}]
Deploy to temporary Kubernetes	Deploy, verify application behavior and clean up	2026-10-06T19:24:38.4808051Z PUT /api/releases/658d09a6-228a-49b1-a730-8133dc957ca0 200 {"id": "658d09a6-228a-49b1-a730-8133dc957ca0", "service": "catalog", "version": "2.0.0", "environment": "staging"}
Deploy to temporary Kubernetes	Deploy, verify application behavior and clean up	2026-10-06T19:24:38.4828549Z DELETE /api/releases/658d09a6-228a-49b1-a730-8133dc957ca0 204 null
Deploy to temporary Kubernetes	Deploy, verify application behavior and clean up	2026-10-06T19:24:38.4851730Z GET /api/releases/658d09a6-228a-49b1-a730-8133dc957ca0 404 {"error": "release not found"}
Deploy to temporary Kubernetes	Deploy, verify application behavior and clean up	2026-10-06T19:24:38.4853519Z PASS: create, read, list, update and delete through the Kubernetes Service
Deploy to temporary Kubernetes	Deploy, verify application behavior and clean up	2026-10-06T19:24:38.5810053Z PASS: Kubernetes rollout and application smoke checks completed
Deploy to temporary Kubernetes	Deploy, verify application behavior and clean up	2026-10-06T19:24:38.7588389Z Deleting cluster "assignment-37518286603-1" ...
Deploy to temporary Kubernetes	Deploy, verify application behavior and clean up	2026-10-06T19:24:42.3017461Z Deleted nodes: ["assignment-37518286603-1-control-plane"]
Deploy to temporary Kubernetes	Deploy, verify application behavior and clean up	2026-10-06T19:24:42.3229394Z Verified: assignment cluster is absent
Deploy to temporary Kubernetes	Ensure the temporary cluster is deleted	﻿2026-10-06T19:24:42.3263446Z ##[group]Run if [[ -x .tools/bin/kind ]]; then .tools/bin/kind delete cluster --name "assignment-${GITHUB_RUN_ID}-${GITHUB_RUN_ATTEMPT}"; fi
Deploy to temporary Kubernetes	Ensure the temporary cluster is deleted	2026-10-06T19:24:42.3264176Z ^[[36;1mif [[ -x .tools/bin/kind ]]; then .tools/bin/kind delete cluster --name "assignment-${GITHUB_RUN_ID}-${GITHUB_RUN_ATTEMPT}"; fi^[[0m
Deploy to temporary Kubernetes	Ensure the temporary cluster is deleted	2026-10-06T19:24:42.3320010Z shell: /usr/bin/bash --noprofile --norc -e -o pipefail {0}
Deploy to temporary Kubernetes	Ensure the temporary cluster is deleted	2026-10-06T19:24:42.3320285Z env:
Deploy to temporary Kubernetes	Ensure the temporary cluster is deleted	2026-10-06T19:24:42.3320609Z   IMAGE: ghcr.io/vimalyad/devops-devsecops-demo:sha-7f521b7dfc61f65934565c868cff408fb6f0a489
Deploy to temporary Kubernetes	Ensure the temporary cluster is deleted	2026-10-06T19:24:42.3321015Z   EXPECTED_VERSION: 7f521b7dfc61f65934565c868cff408fb6f0a489
Deploy to temporary Kubernetes	Ensure the temporary cluster is deleted	2026-10-06T19:24:42.3321473Z ##[endgroup]
Deploy to temporary Kubernetes	Ensure the temporary cluster is deleted	2026-10-06T19:24:42.3495143Z Deleting cluster "assignment-37518286603-1" ...
Deploy to temporary Kubernetes	Save deployment-evidence	﻿2026-10-06T19:24:42.3662245Z ##[group]Run actions/upload-artifact@043fb46d1a93c77aae656e7c1c64a875d1fc6a0a
Deploy to temporary Kubernetes	Save deployment-evidence	2026-10-06T19:24:42.3662580Z with:
Deploy to temporary Kubernetes	Save deployment-evidence	2026-10-06T19:24:42.3662766Z   name: deployment-evidence
Deploy to temporary Kubernetes	Save deployment-evidence	2026-10-06T19:24:42.3662973Z   path: reports/
Deploy to temporary Kubernetes	Save deployment-evidence	2026-10-06T19:24:42.3663153Z   if-no-files-found: error
Deploy to temporary Kubernetes	Save deployment-evidence	2026-10-06T19:24:42.3663356Z   retention-days: 14
Deploy to temporary Kubernetes	Save deployment-evidence	2026-10-06T19:24:42.3663537Z   compression-level: 6
Deploy to temporary Kubernetes	Save deployment-evidence	2026-10-06T19:24:42.3663715Z   overwrite: false
Deploy to temporary Kubernetes	Save deployment-evidence	2026-10-06T19:24:42.3663896Z   include-hidden-files: false
Deploy to temporary Kubernetes	Save deployment-evidence	2026-10-06T19:24:42.3664103Z   archive: true
Deploy to temporary Kubernetes	Save deployment-evidence	2026-10-06T19:24:42.3664281Z env:
Deploy to temporary Kubernetes	Save deployment-evidence	2026-10-06T19:24:42.3664585Z   IMAGE: ghcr.io/vimalyad/devops-devsecops-demo:sha-7f521b7dfc61f65934565c868cff408fb6f0a489
Deploy to temporary Kubernetes	Save deployment-evidence	2026-10-06T19:24:42.3664999Z   EXPECTED_VERSION: 7f521b7dfc61f65934565c868cff408fb6f0a489
Deploy to temporary Kubernetes	Save deployment-evidence	2026-10-06T19:24:42.3665259Z ##[endgroup]
Deploy to temporary Kubernetes	Save deployment-evidence	2026-10-06T19:24:42.4826456Z With the provided path, there will be 11 files uploaded
Deploy to temporary Kubernetes	Save deployment-evidence	2026-10-06T19:24:42.4832519Z Artifact name is valid!
Deploy to temporary Kubernetes	Save deployment-evidence	2026-10-06T19:24:42.4833044Z Root directory input is valid!
Deploy to temporary Kubernetes	Save deployment-evidence	2026-10-06T19:24:42.8240628Z Uploading artifact: deployment-evidence.zip
Deploy to temporary Kubernetes	Save deployment-evidence	2026-10-06T19:24:42.8272102Z Beginning upload of artifact content to blob storage
Deploy to temporary Kubernetes	Save deployment-evidence	2026-10-06T19:24:43.0875095Z Uploaded bytes 7639
Deploy to temporary Kubernetes	Save deployment-evidence	2026-10-06T19:24:43.1493332Z Finished uploading artifact content to blob storage!
Deploy to temporary Kubernetes	Save deployment-evidence	2026-10-06T19:24:43.1494207Z SHA256 digest of uploaded artifact is 7c0e169061d24c822f5654931e766d9fc424c2bf1b75e4780c124db515cff072
Deploy to temporary Kubernetes	Save deployment-evidence	2026-10-06T19:24:43.1494859Z Finalizing artifact upload
Deploy to temporary Kubernetes	Save deployment-evidence	2026-10-06T19:24:43.5165027Z Artifact deployment-evidence successfully finalized. Artifact ID 11438117804
Deploy to temporary Kubernetes	Save deployment-evidence	2026-10-06T19:24:43.5166101Z Artifact deployment-evidence has been successfully uploaded! Final size is 7639 bytes. Artifact ID is 11438117804
Deploy to temporary Kubernetes	Save deployment-evidence	2026-10-06T19:24:43.5168754Z Artifact download URL: https://github.com/vimalyad/devops-devsecops-demo/actions/runs/37518286603/artifacts/11438117804
Deploy to temporary Kubernetes	Post Run actions/checkout@3d3c42e5aac5ba805825da76410c181273ba90b1	﻿2026-10-06T19:24:43.5338799Z Post job cleanup.
Deploy to temporary Kubernetes	Post Run actions/checkout@3d3c42e5aac5ba805825da76410c181273ba90b1	2026-10-06T19:24:43.6003100Z [command]/usr/bin/git version
Deploy to temporary Kubernetes	Post Run actions/checkout@3d3c42e5aac5ba805825da76410c181273ba90b1	2026-10-06T19:24:43.6059528Z git version 2.55.0
Deploy to temporary Kubernetes	Post Run actions/checkout@3d3c42e5aac5ba805825da76410c181273ba90b1	2026-10-06T19:24:43.6124769Z Temporarily overriding HOME='/home/runner/work/_temp/5ecef554-f22b-4af7-97d8-a2c62c14f276' before making global git config changes
Deploy to temporary Kubernetes	Post Run actions/checkout@3d3c42e5aac5ba805825da76410c181273ba90b1	2026-10-06T19:24:43.6125849Z Adding repository directory to the temporary git global config as a safe directory
Deploy to temporary Kubernetes	Post Run actions/checkout@3d3c42e5aac5ba805825da76410c181273ba90b1	2026-10-06T19:24:43.6127365Z [command]/usr/bin/git config --global --add safe.directory /home/runner/work/devops-devsecops-demo/devops-devsecops-demo
Deploy to temporary Kubernetes	Post Run actions/checkout@3d3c42e5aac5ba805825da76410c181273ba90b1	2026-10-06T19:24:43.6153493Z Removing SSH command configuration
Deploy to temporary Kubernetes	Post Run actions/checkout@3d3c42e5aac5ba805825da76410c181273ba90b1	2026-10-06T19:24:43.6158536Z [command]/usr/bin/git config --local --name-only --get-regexp core\.sshCommand
Deploy to temporary Kubernetes	Post Run actions/checkout@3d3c42e5aac5ba805825da76410c181273ba90b1	2026-10-06T19:24:43.6186329Z [command]/usr/bin/git submodule foreach --recursive sh -c "git config --local --name-only --get-regexp 'core\.sshCommand' && git config --local --unset-all 'core.sshCommand' || :"
Deploy to temporary Kubernetes	Post Run actions/checkout@3d3c42e5aac5ba805825da76410c181273ba90b1	2026-10-06T19:24:43.6382944Z Removing HTTP extra header
Deploy to temporary Kubernetes	Post Run actions/checkout@3d3c42e5aac5ba805825da76410c181273ba90b1	2026-10-06T19:24:43.6387232Z [command]/usr/bin/git config --local --name-only --get-regexp http\.https\:\/\/github\.com\/\.extraheader
Deploy to temporary Kubernetes	Post Run actions/checkout@3d3c42e5aac5ba805825da76410c181273ba90b1	2026-10-06T19:24:43.6415854Z [command]/usr/bin/git submodule foreach --recursive sh -c "git config --local --name-only --get-regexp 'http\.https\:\/\/github\.com\/\.extraheader' && git config --local --unset-all 'http.https://github.com/.extraheader' || :"
Deploy to temporary Kubernetes	Post Run actions/checkout@3d3c42e5aac5ba805825da76410c181273ba90b1	2026-10-06T19:24:43.6622871Z Removing includeIf entries pointing to credentials config files
Deploy to temporary Kubernetes	Post Run actions/checkout@3d3c42e5aac5ba805825da76410c181273ba90b1	2026-10-06T19:24:43.6629250Z [command]/usr/bin/git config --local --name-only --get-regexp ^includeIf\.gitdir:
Deploy to temporary Kubernetes	Post Run actions/checkout@3d3c42e5aac5ba805825da76410c181273ba90b1	2026-10-06T19:24:43.6661901Z [command]/usr/bin/git submodule foreach --recursive git config --local --show-origin --name-only --get-regexp remote.origin.url
Deploy to temporary Kubernetes	Complete job	﻿2026-10-06T19:24:43.6999911Z Cleaning up orphan processes
